/*
SQLyog Ultimate v9.63 
MySQL - 5.5.24-0ubuntu0.12.04.1 : Database - siska
*********************************************************************
*/

/*!40101 SET NAMES utf8 */;

/*!40101 SET SQL_MODE=''*/;

/*!40014 SET @OLD_UNIQUE_CHECKS=@@UNIQUE_CHECKS, UNIQUE_CHECKS=0 */;
/*!40014 SET @OLD_FOREIGN_KEY_CHECKS=@@FOREIGN_KEY_CHECKS, FOREIGN_KEY_CHECKS=0 */;
/*!40101 SET @OLD_SQL_MODE=@@SQL_MODE, SQL_MODE='NO_AUTO_VALUE_ON_ZERO' */;
/*!40111 SET @OLD_SQL_NOTES=@@SQL_NOTES, SQL_NOTES=0 */;
/*Table structure for table `bukutamu` */

DROP TABLE IF EXISTS `bukutamu`;

CREATE TABLE `bukutamu` (
  `id` int(10) unsigned NOT NULL AUTO_INCREMENT,
  `tgl_posting` datetime DEFAULT '0000-00-00 00:00:00',
  `nama` varchar(255) DEFAULT '',
  `email` varchar(255) DEFAULT '',
  `subject` varchar(255) DEFAULT '',
  `message` text,
  `alamat` text,
  `telp` varchar(255) DEFAULT '',
  `is_publish` tinyint(1) DEFAULT '1',
  `is_read` tinyint(1) DEFAULT '0',
  `is_reply` tinyint(1) DEFAULT '0',
  `tgl_reply` datetime DEFAULT '0000-00-00 00:00:00',
  `reply_message` text,
  `karyawan_id` int(10) unsigned NOT NULL DEFAULT '0',
  PRIMARY KEY (`id`),
  KEY `karyawan_id` (`karyawan_id`)
) ENGINE=InnoDB AUTO_INCREMENT=10 DEFAULT CHARSET=latin1;

/*Data for the table `bukutamu` */

insert  into `bukutamu`(`id`,`tgl_posting`,`nama`,`email`,`subject`,`message`,`alamat`,`telp`,`is_publish`,`is_read`,`is_reply`,`tgl_reply`,`reply_message`,`karyawan_id`) values (4,'2013-05-24 00:52:25','test','test@test.com','test123','test456',NULL,'',1,0,0,NULL,NULL,0),(5,'2013-05-24 01:21:03','elward elric','edward@fma.com','philosoper stone','genjanou ishi',NULL,'',1,0,0,NULL,NULL,0),(6,'2013-05-25 18:09:12','erisa','punyarisa@gmail.com','info','test',NULL,'',1,0,0,NULL,NULL,0),(7,'2013-05-25 18:10:48','erisa','punyarisa@gmail.com','test','test',NULL,'',1,0,0,NULL,NULL,0),(8,'2013-05-25 18:38:07','timen','timen@pmen.com','test','masuk ga ','pati','0881111111',1,1,1,'2013-05-27 19:38:35','masukkk',2),(9,'2013-05-28 20:15:19','Arya Maulana','hahahihi@aol.com','tanya','njajal ah','semarang','0987665222',1,1,1,'2013-05-28 20:34:17','boleh lah',2);

/*Table structure for table `calon_mahasiswa` */

DROP TABLE IF EXISTS `calon_mahasiswa`;

CREATE TABLE `calon_mahasiswa` (
  `id` int(10) unsigned NOT NULL AUTO_INCREMENT,
  `tanggal_register` datetime DEFAULT NULL,
  `nama` varchar(255) DEFAULT '',
  `tempat_lahir` varchar(255) DEFAULT '',
  `tgl_lahir` date DEFAULT '0000-00-00',
  `jenis_kelamin` enum('L','P') NOT NULL,
  `email` varchar(255) DEFAULT '',
  `password` varchar(255) DEFAULT NULL,
  `propinsi_id` int(5) DEFAULT NULL,
  `kota_kab_id` int(5) DEFAULT NULL,
  `kodepos` char(255) DEFAULT '',
  `alamat` text,
  `telp` char(255) DEFAULT '',
  `jenjang_pendidikan_id` int(5) DEFAULT NULL,
  `jenis_pendaftaran_id` int(10) unsigned NOT NULL DEFAULT '0',
  `asal_sekolah` varchar(255) DEFAULT NULL,
  `asal_universitas` varchar(255) DEFAULT NULL,
  `transkrip_nilai` decimal(3,2) DEFAULT NULL,
  `no_ujian` varchar(40) DEFAULT NULL,
  `nilai_ujian` decimal(3,2) DEFAULT NULL,
  `programstudi_kode` char(10) NOT NULL DEFAULT '0',
  `status_pmb` enum('lulus','gagal','daftar','calon','register','mahasiswa','konfirm_bayar','lulus_ujian') NOT NULL DEFAULT 'register',
  `status_registrasi` enum('registrasi','confirmed','banned') DEFAULT 'registrasi',
  PRIMARY KEY (`id`),
  KEY `programstudi_kode` (`programstudi_kode`),
  KEY `jenis_kelamin_id` (`jenis_kelamin`),
  KEY `pilih_jenis_pendaftaran_id` (`jenis_pendaftaran_id`),
  KEY `status_pmb_id` (`status_pmb`)
) ENGINE=InnoDB AUTO_INCREMENT=1204 DEFAULT CHARSET=latin1;

/*Data for the table `calon_mahasiswa` */

insert  into `calon_mahasiswa`(`id`,`tanggal_register`,`nama`,`tempat_lahir`,`tgl_lahir`,`jenis_kelamin`,`email`,`password`,`propinsi_id`,`kota_kab_id`,`kodepos`,`alamat`,`telp`,`jenjang_pendidikan_id`,`jenis_pendaftaran_id`,`asal_sekolah`,`asal_universitas`,`transkrip_nilai`,`no_ujian`,`nilai_ujian`,`programstudi_kode`,`status_pmb`,`status_registrasi`) values (1,'2013-05-27 19:38:00','mas dedy','Semarang','1987-12-05','L','dedy@yahoo.com','7e3ca734d57d2774eba8619f538fcc3b',12,2,'513566','ttttt','0987867567',3,0,'SMA Kocar Kacir','','6.00',NULL,NULL,'FIK-SI','register','registrasi'),(2,'2013-05-27 19:39:00','Sadia','Kudus','1996-02-01','L','12@yahoo.com','e807f1fcf82d132f9bb018ca6738a19f',NULL,NULL,'','','21454365728',NULL,0,'','',NULL,NULL,NULL,'FE-MA','register','registrasi'),(3,'2013-05-27 19:59:01','Pajon','Jepara','1998-05-27','L','2132@yahoo.com','e807f1fcf82d132f9bb018ca6738a19f',19,1,'509323','dfdvssdv','098796574563',2,0,'weweer','','6.00',NULL,NULL,'FE-MA','calon','registrasi'),(4,'2013-05-28 19:27:30','Karlina','Blora','1994-03-09','L','nazar_inter@yahoo.com','96e79218965eb72c92a549dd5a330112',NULL,NULL,'','','11111111',NULL,0,'','',NULL,NULL,NULL,'FE-MA','register','registrasi'),(5,'2013-05-28 19:50:45','qwerty','Semarang','1998-05-28','L','qwerty@yahoo.com','e807f1fcf82d132f9bb018ca6738a19f',18,6,'4322222','semarang','0987665222',1,0,'SMA 1111','','4.00',NULL,NULL,'FIK-SI','daftar','registrasi'),(6,'2013-05-28 19:35:40','nazarudin','Salatiga','1980-07-16','L','nanza_zen@yahoo.co.id','7fa8282ad93047a4d6fe6111c93b308a',NULL,NULL,'','','000000000',NULL,0,'','',NULL,NULL,NULL,'FE-MA','register','registrasi'),(7,'2013-05-28 19:41:16','Nawang','Pati','1998-05-28','L','nn@yahoo.com','fec82079b24f4db5e61c3c61702dac64',18,6,'78789','fjdhfjasgfjdslfa','089584375',1,0,'SMA Kocar Kacir','','9.99',NULL,'7.00','FIK-TI','mahasiswa','registrasi'),(8,'2013-05-28 20:29:58','Chaerul Umam','Batang','1981-08-20','L','mazumam@doscom.org','fcee4c8fd838f12e9bc10b82761a0a04',NULL,NULL,'','','08816143362',NULL,0,'','',NULL,NULL,NULL,'FIK-TI','register','registrasi'),(9,'2013-05-28 20:29:58','UTOMO AGUNG PRIYADI','Bangka','1982-08-21','L','','',NULL,NULL,'','','',NULL,0,'','',NULL,NULL,NULL,'FIK-TI','register','registrasi'),(10,'2013-05-28 20:29:58','RATNA WIDI YULIANINGSIH','Brangsang, Kendal','1978-07-13','P','','',NULL,NULL,'','','',NULL,0,'','',NULL,NULL,NULL,'FIK-TI','register','registrasi'),(11,'2013-05-28 20:29:58','WAHYU HARTONO','SEMARANG','1982-09-20','L','','',NULL,NULL,'','','',NULL,0,'','',NULL,NULL,NULL,'FIK-TI','register','registrasi'),(12,'2013-05-28 20:29:58','INDAH FITRIYANTI','','1982-07-21','P','','',NULL,NULL,'','','',NULL,0,'','',NULL,NULL,NULL,'FIK-TI','register','registrasi'),(13,'2013-05-28 20:29:58','DESY SOFIANI','',NULL,'P','','',NULL,NULL,'','','',NULL,0,'','',NULL,NULL,NULL,'FIK-TI','register','registrasi'),(14,'2013-05-28 20:29:58','HUSNA LATIFAH A','Semarang',NULL,'P','','',NULL,NULL,'','','',NULL,0,'','',NULL,NULL,NULL,'FIK-TI','register','registrasi'),(15,'2013-05-28 20:29:58','RISTI NURYANI','Semarang',NULL,'P','','',NULL,NULL,'','','',NULL,0,'','',NULL,NULL,NULL,'FIK-TI','register','registrasi'),(16,'2013-05-28 20:29:58','LHAKSMI DEWAYANI','',NULL,'P','','',NULL,NULL,'','','',NULL,0,'','',NULL,NULL,NULL,'FIK-TI','register','registrasi'),(17,'2013-05-28 20:29:58','SITI MUTMAINAH','','1982-10-23','P','','',NULL,NULL,'','','',NULL,0,'','',NULL,NULL,NULL,'FIK-TI','register','registrasi'),(18,'2013-05-28 20:29:58','NOVITA HIDAYAT','Semarang','1981-02-14','P','','',NULL,NULL,'','','',NULL,0,'','',NULL,NULL,NULL,'FIK-TI','register','registrasi'),(19,'2013-05-28 20:29:58','RINI HARTUTI','Pati','1982-08-14','P','','',NULL,NULL,'','','',NULL,0,'','',NULL,NULL,NULL,'FIK-TI','register','registrasi'),(20,'2013-05-28 20:29:58','FITRIYATI','','1981-02-14','P','','',NULL,NULL,'','','',NULL,0,'','',NULL,NULL,NULL,'FIK-TI','register','registrasi'),(21,'2013-05-28 20:29:58','ANJAR DYAH SETYAWATI','Semarang','1981-07-04','P','','',NULL,NULL,'','','',NULL,0,'','',NULL,NULL,NULL,'FIK-TI','register','registrasi'),(22,'2013-05-28 20:29:58','AYU WIDIA YANTI','',NULL,'P','','',NULL,NULL,'','','',NULL,0,'','',NULL,NULL,NULL,'FIK-TI','register','registrasi'),(23,'2013-05-28 20:29:58','RATIH HESTY UTAMI P','',NULL,'P','','',NULL,NULL,'','','',NULL,0,'','',NULL,NULL,NULL,'FIK-TI','register','registrasi'),(24,'2013-05-28 20:29:58','ANDREAS PRIMADHI NUGROHO','Semarang','1982-02-24','L','','',NULL,NULL,'','','',NULL,0,'','',NULL,NULL,NULL,'FIK-TI','register','registrasi'),(25,'2013-05-28 20:29:58','SOFIATUN','Pati','1983-01-15','P','','',NULL,NULL,'','','',NULL,0,'','',NULL,NULL,NULL,'FIK-TI','register','registrasi'),(26,'2013-05-28 20:29:58','RATNAWATI DWI PUJI ASTUTI','','1982-02-05','P','','',NULL,NULL,'','','',NULL,0,'','',NULL,NULL,NULL,'FIK-TI','register','registrasi'),(27,'2013-05-28 20:29:58','DESIANA ARISTAWATY S','Semarang',NULL,'P','','',NULL,NULL,'','','',NULL,0,'','',NULL,NULL,NULL,'FIK-TI','register','registrasi'),(28,'2013-05-28 20:29:58','WIJI SETIYANIDEWI','','1982-09-13','P','','',NULL,NULL,'','','',NULL,0,'','',NULL,NULL,NULL,'FIK-TI','register','registrasi'),(29,'2013-05-28 20:29:58','MUNAWAROH','',NULL,'P','','',NULL,NULL,'','','',NULL,0,'','',NULL,NULL,NULL,'FIK-TI','register','registrasi'),(30,'2013-05-28 20:29:58','INDAH FITRIANY','Semarang','1982-07-27','P','','',NULL,NULL,'','','',NULL,0,'','',NULL,NULL,NULL,'FIK-TI','register','registrasi'),(31,'2013-05-28 20:29:58','SELAMET PRAMONO','',NULL,'L','','',NULL,NULL,'','','',NULL,0,'','',NULL,NULL,NULL,'FIK-TI','register','registrasi'),(32,'2013-05-28 20:29:58','DWI UPIK HANDAYANI','',NULL,'P','','',NULL,NULL,'','','',NULL,0,'','',NULL,NULL,NULL,'FIK-TI','register','registrasi'),(33,'2013-05-28 20:29:58','RULY MARDIYANTO','Semarang','1982-03-02','L','','',NULL,NULL,'','','',NULL,0,'','',NULL,NULL,NULL,'FIK-TI','register','registrasi'),(34,'2013-05-28 20:29:58','DINA FITRIANA','','1979-08-26','P','','',NULL,NULL,'','','',NULL,0,'','',NULL,NULL,NULL,'FIK-TI','register','registrasi'),(35,'2013-05-28 20:29:58','NIKEN OFTA RINA','',NULL,'P','','',NULL,NULL,'','','',NULL,0,'','',NULL,NULL,NULL,'FIK-TI','register','registrasi'),(36,'2013-05-28 20:29:58','SHINTA MAHAWATI','Kendal',NULL,'P','','',NULL,NULL,'','','',NULL,0,'','',NULL,NULL,NULL,'FIK-TI','register','registrasi'),(37,'2013-05-28 20:29:58','PURNANINGSIH RARAS SARI','Semarang','1982-03-17','P','','',NULL,NULL,'','','',NULL,0,'','',NULL,NULL,NULL,'FIK-TI','register','registrasi'),(38,'2013-05-28 20:29:58','EKAYUDA PUSVITASARI','Semarang',NULL,'P','','',NULL,NULL,'','','',NULL,0,'','',NULL,NULL,NULL,'FIK-TI','register','registrasi'),(39,'2013-05-28 20:29:58','Y. YUDANA HERU CAHYONO','','1979-12-31','L','','',NULL,NULL,'','','',NULL,0,'','',NULL,NULL,NULL,'FIK-TI','register','registrasi'),(40,'2013-05-28 20:29:58','AMUR YUDA PRIHANTO','','1983-07-18','L','','',NULL,NULL,'','','',NULL,0,'','',NULL,NULL,NULL,'FIK-TI','register','registrasi'),(41,'2013-05-28 20:29:58','HENI KRISNATALIA','Semarang',NULL,'P','','',NULL,NULL,'','','',NULL,0,'','',NULL,NULL,NULL,'FE-MA','calon','registrasi'),(42,'2013-05-28 20:29:58','DIAN PRAMESTI','Semarang',NULL,'P','','',NULL,NULL,'','','',NULL,0,'','',NULL,NULL,NULL,'FE-MA','register','registrasi'),(43,'2013-05-28 20:29:58','NOVLIS DWI CAHYONO','',NULL,'L','','',NULL,NULL,'','','',NULL,0,'','',NULL,NULL,NULL,'FIK-SI','daftar','registrasi'),(44,'2013-05-28 20:29:58','MUHAMMAD GOGOR MIMBARNO','',NULL,'L','','',NULL,NULL,'','','',NULL,0,'','',NULL,NULL,NULL,'FE-MA','register','registrasi'),(45,'2013-05-28 20:29:58','MERY MARIAM','',NULL,'P','','',NULL,NULL,'','','',NULL,0,'','',NULL,NULL,NULL,'FIK-TI','calon','registrasi'),(46,'2013-05-28 20:29:58','TIAS CAHYADI','',NULL,'L','','',NULL,NULL,'','','',NULL,0,'','',NULL,NULL,NULL,'FIK-TI','register','registrasi'),(47,'2013-05-28 20:29:58','DAMARIS ASRINING PURI','','1981-07-26','P','','',NULL,NULL,'','','',NULL,0,'','',NULL,NULL,NULL,'FE-MA','calon','registrasi'),(48,'2013-05-28 20:29:58','VITANINGRUM','','1982-11-13','P','','',NULL,NULL,'','','',NULL,0,'','',NULL,NULL,NULL,'FE-MA','register','registrasi'),(49,'2013-05-28 20:29:58','RAFIKA AMBARSARI','',NULL,'P','','',NULL,NULL,'','','',NULL,0,'','',NULL,NULL,NULL,'FIK-SI','daftar','registrasi'),(50,'2013-05-28 20:29:58','FANDY PRASETYA KUSUMA','Semarang',NULL,'L','','',NULL,NULL,'','','',NULL,0,'','',NULL,NULL,NULL,'FE-MA','register','registrasi'),(51,'2013-05-28 20:29:58','SEFTI TRIANI','Blitar','1980-09-16','P','','',NULL,NULL,'','','',NULL,0,'','',NULL,NULL,NULL,'FIK-TI','calon','registrasi'),(52,'2013-05-28 20:29:58','NINA KRISTIANA','Semarang',NULL,'P','','',NULL,NULL,'','','',NULL,0,'','',NULL,NULL,NULL,'FIK-TI','register','registrasi'),(53,'2013-05-28 20:29:58','FARIDA ARIFIANINGRUM','',NULL,'P','','',NULL,NULL,'','','',NULL,0,'','',NULL,NULL,NULL,'FE-MA','calon','registrasi'),(54,'2013-05-28 20:29:58','BUDI CHRISTIANTO','',NULL,'L','','',NULL,NULL,'','','',NULL,0,'','',NULL,NULL,NULL,'FE-MA','register','registrasi'),(55,'2013-05-28 20:29:58','DWI PUJIATI','SEMARANG','1982-01-16','P','','',NULL,NULL,'','','',NULL,0,'','',NULL,NULL,NULL,'FIK-SI','daftar','registrasi'),(56,'2013-05-28 20:29:58','MEMIK NOR FADILAH','',NULL,'P','','',NULL,NULL,'','','',NULL,0,'','',NULL,NULL,NULL,'FE-MA','register','registrasi'),(57,'2013-05-28 20:29:58','MILA ANGGRAINI FATMAWATI','Semarang',NULL,'P','','',NULL,NULL,'','','',NULL,0,'','',NULL,NULL,NULL,'FIK-TI','calon','registrasi'),(58,'2013-05-28 20:29:58','AGUS SUPRIYANTO','',NULL,'L','','',NULL,NULL,'','','',NULL,0,'','',NULL,NULL,NULL,'FIK-TI','register','registrasi'),(59,'2013-05-28 20:29:58','ERHENTINING NURLELYAWATI','',NULL,'P','','',NULL,NULL,'','','',NULL,0,'','',NULL,NULL,NULL,'FE-MA','calon','registrasi'),(60,'2013-05-28 20:29:58','R. TOPAN HARIBAWA DWI OKTABELLA PUNGKASORO','Semarang','1982-10-14','L','','',NULL,NULL,'','','',NULL,0,'','',NULL,NULL,NULL,'FE-MA','register','registrasi'),(61,'2013-05-28 20:29:58','IRMA SURYANINGSIH','','1982-04-04','P','','',NULL,NULL,'','','',NULL,0,'','',NULL,NULL,NULL,'FIK-SI','daftar','registrasi'),(62,'2013-05-28 20:29:58','ALIFAH NUR ISNAINI','',NULL,'P','','',NULL,NULL,'','','',NULL,0,'','',NULL,NULL,NULL,'FE-MA','register','registrasi'),(63,'2013-05-28 20:29:58','PANJI ARI KUSUMA','',NULL,'L','','',NULL,NULL,'','','',NULL,0,'','',NULL,NULL,NULL,'FIK-TI','calon','registrasi'),(64,'2013-05-28 20:29:58','SLAMET WARSITO','',NULL,'L','','',NULL,NULL,'','','',NULL,0,'','',NULL,NULL,NULL,'FIK-TI','register','registrasi'),(65,'2013-05-28 20:29:58','JEFFRY CHRISTIANO','',NULL,'L','','',NULL,NULL,'','','',NULL,0,'','',NULL,NULL,NULL,'FE-MA','calon','registrasi'),(66,'2013-05-28 20:29:58','ERNA HERAWATI','','1980-04-05','P','','',NULL,NULL,'','','',NULL,0,'','',NULL,NULL,NULL,'FE-MA','register','registrasi'),(67,'2013-05-28 20:29:58','SUCHI PERTIWI','','1982-10-28','P','','',NULL,NULL,'','','',NULL,0,'','',NULL,NULL,NULL,'FIK-SI','daftar','registrasi'),(68,'2013-05-28 20:29:58','NICO WIJANARKO','',NULL,'L','','',NULL,NULL,'','','',NULL,0,'','',NULL,NULL,NULL,'FE-MA','register','registrasi'),(69,'2013-05-28 20:29:58','DIANA RAHMAWATI FATIMAH','',NULL,'P','','',NULL,NULL,'','','',NULL,0,'','',NULL,NULL,NULL,'FIK-TI','calon','registrasi'),(70,'2013-05-28 20:29:58','FRANCISCA AMELIA ADITYASA','Semarang','1982-05-22','P','','',NULL,NULL,'','','',NULL,0,'','',NULL,NULL,NULL,'FIK-TI','register','registrasi'),(71,'2013-05-28 20:29:58','VIVIN SETYAWATI','Bawen','1982-01-31','P','','',NULL,NULL,'','','',NULL,0,'','',NULL,NULL,NULL,'FE-MA','calon','registrasi'),(72,'2013-05-28 20:29:58','ADIB HIMAWAN','',NULL,'L','','',NULL,NULL,'','','',NULL,0,'','',NULL,NULL,NULL,'FE-MA','register','registrasi'),(73,'2013-05-28 20:29:58','KARINA RIA NOVA','KENDAL','1982-11-09','P','','',NULL,NULL,'','','',NULL,0,'','',NULL,NULL,NULL,'FIK-SI','daftar','registrasi'),(74,'2013-05-28 20:29:58','AGUS SETYAWAN','',NULL,'L','','',NULL,NULL,'','','',NULL,0,'','',NULL,NULL,NULL,'FE-MA','register','registrasi'),(75,'2013-05-28 20:29:58','HARY PRAMUDITO','',NULL,'L','','',NULL,NULL,'','','',NULL,0,'','',NULL,NULL,NULL,'FIK-TI','calon','registrasi'),(76,'2013-05-28 20:29:58','ARIYATI SUDARYONO','Sragen','1982-02-28','P','','',NULL,NULL,'','','',NULL,0,'','',NULL,NULL,NULL,'FIK-TI','register','registrasi'),(77,'2013-05-28 20:29:58','NOWO HARMONO','',NULL,'L','','',NULL,NULL,'','','',NULL,0,'','',NULL,NULL,NULL,'FE-MA','calon','registrasi'),(78,'2013-05-28 20:29:58','CHOIRUNISAK','Semarang','1981-02-19','P','','',NULL,NULL,'','','',NULL,0,'','',NULL,NULL,NULL,'FE-MA','register','registrasi'),(79,'2013-05-28 20:29:58','HAMZANI','',NULL,'L','','',NULL,NULL,'','','',NULL,0,'','',NULL,NULL,NULL,'FIK-SI','daftar','registrasi'),(80,'2013-05-28 20:29:58','FITRI KURNIYAWATI','','1982-07-27','P','','',NULL,NULL,'','','',NULL,0,'','',NULL,NULL,NULL,'FE-MA','register','registrasi'),(81,'2013-05-28 20:29:58','CICILIA ANA CHRISTIANI','','1981-11-23','P','','',NULL,NULL,'','','',NULL,0,'','',NULL,NULL,NULL,'FIK-TI','calon','registrasi'),(82,'2013-05-28 20:29:58','DATUS TESANDA','Jakarta','1981-08-07','L','','',NULL,NULL,'','','',NULL,0,'','',NULL,NULL,NULL,'FIK-TI','register','registrasi'),(83,'2013-05-28 20:29:58','MULYANI DEWI SETIYARINI','Semarang','1982-01-07','P','','',NULL,NULL,'','','',NULL,0,'','',NULL,NULL,NULL,'FE-MA','calon','registrasi'),(84,'2013-05-28 20:29:58','CHOIRUL LUQMAN','Semarang',NULL,'L','','',NULL,NULL,'','','',NULL,0,'','',NULL,NULL,NULL,'FE-MA','register','registrasi'),(85,'2013-05-28 20:29:58','BATARINI NUR BUDIATI','Semarang','1981-12-09','P','','',NULL,NULL,'','','',NULL,0,'','',NULL,NULL,NULL,'FIK-SI','daftar','registrasi'),(86,'2013-05-28 20:29:58','PITHRA KURNIAWAN','Semarang',NULL,'L','','',NULL,NULL,'','','',NULL,0,'','',NULL,NULL,NULL,'FE-MA','register','registrasi'),(87,'2013-05-28 20:29:58','DANANG YOGO WINARYO','',NULL,'L','','',NULL,NULL,'','','',NULL,0,'','',NULL,NULL,NULL,'FIK-TI','calon','registrasi'),(88,'2013-05-28 20:29:58','FITRI MERDEKAWATI','SEMARANG','1981-08-17','P','','',NULL,NULL,'','','',NULL,0,'','',NULL,NULL,NULL,'FIK-TI','register','registrasi'),(89,'2013-05-28 20:29:58','MOH ARIF MARZUKI','',NULL,'L','','',NULL,NULL,'','','',NULL,0,'','',NULL,NULL,NULL,'FE-MA','calon','registrasi'),(90,'2013-05-28 20:29:58','TOMY ANDI ANTO','',NULL,'L','','',NULL,NULL,'','','',NULL,0,'','',NULL,NULL,NULL,'FE-MA','register','registrasi'),(91,'2013-05-28 20:29:58','INTAN MULYAWATI DEWI','','1981-04-02','P','','',NULL,NULL,'','','',NULL,0,'','',NULL,NULL,NULL,'FIK-SI','daftar','registrasi'),(92,'2013-05-28 20:29:58','FITRI WULANDARI','Semarang',NULL,'P','','',NULL,NULL,'','','',NULL,0,'','',NULL,NULL,NULL,'FE-MA','register','registrasi'),(93,'2013-05-28 20:29:58','FONY CHRISTIANY','',NULL,'P','','',NULL,NULL,'','','',NULL,0,'','',NULL,NULL,NULL,'FIK-TI','calon','registrasi'),(94,'2013-05-28 20:29:58','RETNO AYU PALUPI','','1982-08-10','P','','',NULL,NULL,'','','',NULL,0,'','',NULL,NULL,NULL,'FIK-TI','register','registrasi'),(95,'2013-05-28 20:29:58','SERVINA RISYA RAGIL PAMUN','Kudus','1983-02-16','P','','',NULL,NULL,'','','',NULL,0,'','',NULL,NULL,NULL,'FE-MA','calon','registrasi'),(96,'2013-05-28 20:29:58','INDHIRA KARTINI','Kudus','1982-04-28','P','','',NULL,NULL,'','','',NULL,0,'','',NULL,NULL,NULL,'FE-MA','register','registrasi'),(97,'2013-05-28 20:29:58','CHRISTINA','Cilacap',NULL,'P','','',NULL,NULL,'','','',NULL,0,'','',NULL,NULL,NULL,'FIK-SI','daftar','registrasi'),(98,'2013-05-28 20:29:58','VITRIA KURNIAWATI','Semarang',NULL,'P','','',NULL,NULL,'','','',NULL,0,'','',NULL,NULL,NULL,'FE-MA','register','registrasi'),(99,'2013-05-28 20:29:58','CAHYADI RAHMAN','',NULL,'L','','',NULL,NULL,'','','',NULL,0,'','',NULL,NULL,NULL,'FIK-TI','calon','registrasi'),(100,'2013-05-28 20:29:58','ASEF SYAIFUDDIN IMRON','',NULL,'L','','',NULL,NULL,'','','',NULL,0,'','',NULL,NULL,NULL,'FIK-TI','register','registrasi'),(101,'2013-05-28 20:29:58','FARIZ ANDRIANTO','Semarang','1982-06-26','L','','',NULL,NULL,'','','',NULL,0,'','',NULL,NULL,NULL,'FE-MA','calon','registrasi'),(102,'2013-05-28 20:29:58','SINTA MEILINA HARDIYANI','Kendal',NULL,'P','','',NULL,NULL,'','','',NULL,0,'','',NULL,NULL,NULL,'FE-MA','register','registrasi'),(103,'2013-05-28 20:29:58','BAMBANG SUNDARIYANTO','','1981-02-04','L','','',NULL,NULL,'','','',NULL,0,'','',NULL,NULL,NULL,'FIK-SI','daftar','registrasi'),(104,'2013-05-28 20:29:58','FITHRIA NUR MALINA','','1981-12-13','P','','',NULL,NULL,'','','',NULL,0,'','',NULL,NULL,NULL,'FE-MA','register','registrasi'),(105,'2013-05-28 20:29:58','ISNAENI NOVITA HANDAYANI','',NULL,'P','','',NULL,NULL,'','','',NULL,0,'','',NULL,NULL,NULL,'FIK-TI','calon','registrasi'),(106,'2013-05-28 20:29:58','SUGIYARTI','','1981-02-04','P','','',NULL,NULL,'','','',NULL,0,'','',NULL,NULL,NULL,'FIK-TI','register','registrasi'),(107,'2013-05-28 20:29:58','TRI MURYATI','','1977-03-08','P','','',NULL,NULL,'','','',NULL,0,'','',NULL,NULL,NULL,'FE-MA','calon','registrasi'),(108,'2013-05-28 20:29:58','AMBAR IROWATI','','1981-11-26','P','','',NULL,NULL,'','','',NULL,0,'','',NULL,NULL,NULL,'FE-MA','register','registrasi'),(109,'2013-05-28 20:29:58','SUKMA INDRIANA','Semarang',NULL,'P','','',NULL,NULL,'','','',NULL,0,'','',NULL,NULL,NULL,'FIK-SI','daftar','registrasi'),(110,'2013-05-28 20:29:58','DEWI HARIYANTI','','1981-08-11','P','','',NULL,NULL,'','','',NULL,0,'','',NULL,NULL,NULL,'FE-MA','register','registrasi'),(111,'2013-05-28 20:29:58','ARI SETYO WIBOWO','',NULL,'L','','',NULL,NULL,'','','',NULL,0,'','',NULL,NULL,NULL,'FIK-TI','calon','registrasi'),(112,'2013-05-28 20:29:58','BAYU ARIADI','Semarang',NULL,'L','','',NULL,NULL,'','','',NULL,0,'','',NULL,NULL,NULL,'FIK-TI','register','registrasi'),(113,'2013-05-28 20:29:58','SINDY YUANDANI','','1982-11-08','P','','',NULL,NULL,'','','',NULL,0,'','',NULL,NULL,NULL,'FE-MA','calon','registrasi'),(114,'2013-05-28 20:29:58','HERY PAMUNGKAS','Kabupaten Pati',NULL,'L','','',NULL,NULL,'','','',NULL,0,'','',NULL,NULL,NULL,'FE-MA','register','registrasi'),(115,'2013-05-28 20:29:58','NURUL CHARISAH','Semarang','1981-12-24','P','','',NULL,NULL,'','','',NULL,0,'','',NULL,NULL,NULL,'FIK-SI','daftar','registrasi'),(116,'2013-05-28 20:29:58','PRIYANI','Semarang',NULL,'P','','',NULL,NULL,'','','',NULL,0,'','',NULL,NULL,NULL,'FE-MA','register','registrasi'),(117,'2013-05-28 20:29:58','AMRULLAH','Semarang',NULL,'L','','',NULL,NULL,'','','',NULL,0,'','',NULL,NULL,NULL,'FIK-TI','calon','registrasi'),(118,'2013-05-28 20:29:58','AHMAD FAUZI KUSMANTO','','1982-09-24','L','','',NULL,NULL,'','','',NULL,0,'','',NULL,NULL,NULL,'FIK-TI','register','registrasi'),(119,'2013-05-28 20:29:58','TOMMY MURPUTRANTO','Semarang',NULL,'L','','',NULL,NULL,'','','',NULL,0,'','',NULL,NULL,NULL,'FE-MA','calon','registrasi'),(120,'2013-05-28 20:29:58','RENNY WIDYASTUTI','Semarang',NULL,'P','','',NULL,NULL,'','','',NULL,0,'','',NULL,NULL,NULL,'FE-MA','register','registrasi'),(121,'2013-05-28 20:29:58','NETI TRIYANI','Jepara','1982-04-23','P','','',NULL,NULL,'','','',NULL,0,'','',NULL,NULL,NULL,'FIK-SI','daftar','registrasi'),(122,'2013-05-28 20:29:58','NUNIK RAHMAWATI','','1982-11-23','P','','',NULL,NULL,'','','',NULL,0,'','',NULL,NULL,NULL,'FE-MA','register','registrasi'),(123,'2013-05-28 20:29:58','FITRI PRASETYOWATI','Ungaran','1981-08-02','P','','',NULL,NULL,'','','',NULL,0,'','',NULL,NULL,NULL,'FIK-TI','calon','registrasi'),(124,'2013-05-28 20:29:58','HARTAJA DHANANG YALA AJIE','',NULL,'L','','',NULL,NULL,'','','',NULL,0,'','',NULL,NULL,NULL,'FIK-TI','register','registrasi'),(125,'2013-05-28 20:29:58','RATNA','Semarang','1982-07-05','P','','',NULL,NULL,'','','',NULL,0,'','',NULL,NULL,NULL,'FE-MA','calon','registrasi'),(126,'2013-05-28 20:29:58','KRISTIN YULIANTININGRUM','Semarang','1981-07-15','P','','',NULL,NULL,'','','',NULL,0,'','',NULL,NULL,NULL,'FE-MA','register','registrasi'),(127,'2013-05-28 20:29:58','BUDI HARSONO','',NULL,'L','','',NULL,NULL,'','','',NULL,0,'','',NULL,NULL,NULL,'FIK-SI','daftar','registrasi'),(128,'2013-05-28 20:29:58','DIANA RAKHMAWATI','','1982-05-19','P','','',NULL,NULL,'','','',NULL,0,'','',NULL,NULL,NULL,'FE-MA','register','registrasi'),(129,'2013-05-28 20:29:58','ARI RUSMIYATI','Semarang','1982-04-03','P','','',NULL,NULL,'','','',NULL,0,'','',NULL,NULL,NULL,'FIK-TI','calon','registrasi'),(130,'2013-05-28 20:29:58','SULISTIYO','','1980-01-23','L','','',NULL,NULL,'','','',NULL,0,'','',NULL,NULL,NULL,'FIK-TI','register','registrasi'),(131,'2013-05-28 20:29:58','SRI DARWINI','','1983-02-10','P','','',NULL,NULL,'','','',NULL,0,'','',NULL,NULL,NULL,'FE-MA','calon','registrasi'),(132,'2013-05-28 20:29:58','YESSY VIONITASARI','Semarang',NULL,'P','','',NULL,NULL,'','','',NULL,0,'','',NULL,NULL,NULL,'FE-MA','register','registrasi'),(133,'2013-05-28 20:29:58','DIAN SAFITRI','','1980-12-19','P','','',NULL,NULL,'','','',NULL,0,'','',NULL,NULL,NULL,'FIK-SI','daftar','registrasi'),(134,'2013-05-28 20:29:58','WIRYANTO','','1979-08-20','L','','',NULL,NULL,'','','',NULL,0,'','',NULL,NULL,NULL,'FE-MA','register','registrasi'),(135,'2013-05-28 20:29:58','BIRNANDUS SUWITO','',NULL,'L','','',NULL,NULL,'','','',NULL,0,'','',NULL,NULL,NULL,'FIK-TI','calon','registrasi'),(136,'2013-05-28 20:29:58','SHOLIKHATUN','','1982-12-27','P','','',NULL,NULL,'','','',NULL,0,'','',NULL,NULL,NULL,'FIK-TI','register','registrasi'),(137,'2013-05-28 20:29:58','MUJI NURANI','',NULL,'P','','',NULL,NULL,'','','',NULL,0,'','',NULL,NULL,NULL,'FE-MA','calon','registrasi'),(138,'2013-05-28 20:29:58','NUR AMIYAH','Pati',NULL,'P','','',NULL,NULL,'','','',NULL,0,'','',NULL,NULL,NULL,'FE-MA','register','registrasi'),(139,'2013-05-28 20:29:58','JUWITA FANDIANTI','',NULL,'P','','',NULL,NULL,'','','',NULL,0,'','',NULL,NULL,NULL,'FIK-SI','daftar','registrasi'),(140,'2013-05-28 20:29:58','JUNAEDI SUPARTONO','','1976-06-01','L','','',NULL,NULL,'','','',NULL,0,'','',NULL,NULL,NULL,'FE-MA','register','registrasi'),(141,'2013-05-28 20:29:58','UMAR RODJA','Surakarta','1982-02-20','L','','',NULL,NULL,'','','',NULL,0,'','',NULL,NULL,NULL,'FIK-TI','calon','registrasi'),(142,'2013-05-28 20:29:58','MF. ANDRI MARDIANA SARI','','1982-09-04','P','','',NULL,NULL,'','','',NULL,0,'','',NULL,NULL,NULL,'FIK-TI','register','registrasi'),(143,'2013-05-28 20:29:58','VALENTINA WIDYA SURYANING','Semarang','1983-09-16','P','','',NULL,NULL,'','','',NULL,0,'','',NULL,NULL,NULL,'FE-MA','calon','registrasi'),(144,'2013-05-28 20:29:58','SHERLY CAROLINA WIRJAHARD','Semarang','1983-08-22','P','','',NULL,NULL,'','','',NULL,0,'','',NULL,NULL,NULL,'FE-MA','register','registrasi'),(145,'2013-05-28 20:29:58','NOVITA RAHMAWATI','Purwodadi','1982-11-02','P','','',NULL,NULL,'','','',NULL,0,'','',NULL,NULL,NULL,'FIK-SI','daftar','registrasi'),(146,'2013-05-28 20:29:58','RACHMALIA MAYA SUTIKNO','Semarang','1983-09-18','P','','',NULL,NULL,'','','',NULL,0,'','',NULL,NULL,NULL,'FE-MA','register','registrasi'),(147,'2013-05-28 20:29:58','FLORENSIA IDEA WISMANDINI','Semarang','1983-04-14','P','','',NULL,NULL,'','','',NULL,0,'','',NULL,NULL,NULL,'FIK-TI','calon','registrasi'),(148,'2013-05-28 20:29:58','SUCIYATI AGUNG','Jepara','1982-12-09','P','','',NULL,NULL,'','','',NULL,0,'','',NULL,NULL,NULL,'FIK-TI','register','registrasi'),(149,'2013-05-28 20:29:58','ALI SAIFUDIN','Demak','1982-04-21','L','','',NULL,NULL,'','','',NULL,0,'','',NULL,NULL,NULL,'FE-MA','calon','registrasi'),(150,'2013-05-28 20:29:58','RINDA SERAWATI','Semarang','1981-10-16','P','','',NULL,NULL,'','','',NULL,0,'','',NULL,NULL,NULL,'FE-MA','register','registrasi'),(151,'2013-05-28 20:29:58','CICILIA DIJAH EKAWATI','Semarang','1980-09-08','P','','',NULL,NULL,'','','',NULL,0,'','',NULL,NULL,NULL,'FIK-SI','daftar','registrasi'),(152,'2013-05-28 20:29:58','HESTHI PURWANINGTYAS','Semarang','1983-07-23','P','','',NULL,NULL,'','','',NULL,0,'','',NULL,NULL,NULL,'FE-MA','register','registrasi'),(153,'2013-05-28 20:29:58','DWI ERNA YUNIATI','Demak','1983-06-20','P','','',NULL,NULL,'','','',NULL,0,'','',NULL,NULL,NULL,'FIK-TI','calon','registrasi'),(154,'2013-05-28 20:29:58','OKSI AMIRATI','Magelang','1982-10-04','P','','',NULL,NULL,'','','',NULL,0,'','',NULL,NULL,NULL,'FIK-TI','register','registrasi'),(155,'2013-05-28 20:29:58','R YULI HENDAR PUSPITA R','Brebes','1982-07-26','L','','',NULL,NULL,'','','',NULL,0,'','',NULL,NULL,NULL,'FE-MA','calon','registrasi'),(156,'2013-05-28 20:29:58','DINA KURNIA KUSUMA','Pati','1983-04-02','P','','',NULL,NULL,'','','',NULL,0,'','',NULL,NULL,NULL,'FE-MA','register','registrasi'),(157,'2013-05-28 20:29:58','ARIF HARIYANTO','Kudus','1983-05-02','L','','',NULL,NULL,'','','',NULL,0,'','',NULL,NULL,NULL,'FIK-SI','daftar','registrasi'),(158,'2013-05-28 20:29:58','DENI ISMANTO','Semarang','1983-07-19','L','','',NULL,NULL,'','','',NULL,0,'','',NULL,NULL,NULL,'FE-MA','register','registrasi'),(159,'2013-05-28 20:29:58','WAHYUDI SANTOSO','Semarang','1981-09-28','L','','',NULL,NULL,'','','',NULL,0,'','',NULL,NULL,NULL,'FIK-TI','calon','registrasi'),(160,'2013-05-28 20:29:58','RULITA MEGAHWATI','Semarang','1983-10-29','P','','',NULL,NULL,'','','',NULL,0,'','',NULL,NULL,NULL,'FIK-TI','register','registrasi'),(161,'2013-05-28 20:29:58','GRANIA JANICE R. L.','Bangkalan','1983-10-31','P','','',NULL,NULL,'','','',NULL,0,'','',NULL,NULL,NULL,'FE-MA','calon','registrasi'),(162,'2013-05-28 20:29:58','OGIK ADHIARTO','Semarang','1983-02-24','L','','',NULL,NULL,'','','',NULL,0,'','',NULL,NULL,NULL,'FE-MA','register','registrasi'),(163,'2013-05-28 20:29:58','NOVI ARDI PURWATININGSIH','SEMARANG','1982-11-04','P','','',NULL,NULL,'','','',NULL,0,'','',NULL,NULL,NULL,'FIK-SI','daftar','registrasi'),(164,'2013-05-28 20:29:58','MEYDA RINA HANDAYANI','Grobogan','1981-05-05','P','','',NULL,NULL,'','','',NULL,0,'','',NULL,NULL,NULL,'FE-MA','register','registrasi'),(165,'2013-05-28 20:29:58','DIAN ANGGRAINI','Semarang','1983-09-19','P','','',NULL,NULL,'','','',NULL,0,'','',NULL,NULL,NULL,'FIK-TI','calon','registrasi'),(166,'2013-05-28 20:29:58','KRISTI BAYUATI','Jepara','1984-07-20','P','','',NULL,NULL,'','','',NULL,0,'','',NULL,NULL,NULL,'FIK-TI','register','registrasi'),(167,'2013-05-28 20:29:58','DIKA RISTIANTARI','Semarang','1983-08-16','P','','',NULL,NULL,'','','',NULL,0,'','',NULL,NULL,NULL,'FE-MA','calon','registrasi'),(168,'2013-05-28 20:29:58','DEDDY ARIYANTO','Temanggung','1983-02-10','L','','',NULL,NULL,'','','',NULL,0,'','',NULL,NULL,NULL,'FE-MA','register','registrasi'),(169,'2013-05-28 20:29:58','YUYUN DWI HASANAH','Semarang','1983-12-31','P','','',NULL,NULL,'','','',NULL,0,'','',NULL,NULL,NULL,'FIK-SI','daftar','registrasi'),(170,'2013-05-28 20:29:58','INDRIANA AGUSTIANTI','Semarang','1983-08-10','P','','',NULL,NULL,'','','',NULL,0,'','',NULL,NULL,NULL,'FE-MA','register','registrasi'),(171,'2013-05-28 20:29:58','CAHYO WICAKSONO','Bukit Tinggi','1984-01-22','L','','',NULL,NULL,'','','',NULL,0,'','',NULL,NULL,NULL,'FIK-TI','calon','registrasi'),(172,'2013-05-28 20:29:58','MAHSUNAH ETIK RAHAYUNINGS','Semarang','1984-01-02','P','','',NULL,NULL,'','','',NULL,0,'','',NULL,NULL,NULL,'FIK-TI','register','registrasi'),(173,'2013-05-28 20:29:58','MARIA HIDAYATI','Demak','1983-09-23','P','','',NULL,NULL,'','','',NULL,0,'','',NULL,NULL,NULL,'FE-MA','calon','registrasi'),(174,'2013-05-28 20:29:58','AGNES ERLIVA','Semarang','1983-01-22','P','','',NULL,NULL,'','','',NULL,0,'','',NULL,NULL,NULL,'FE-MA','register','registrasi'),(175,'2013-05-28 20:29:58','WISNU WARDANA','Grobogan','1983-09-05','L','','',NULL,NULL,'','','',NULL,0,'','',NULL,NULL,NULL,'FIK-SI','daftar','registrasi'),(176,'2013-05-28 20:29:58','HATTA MERDEKA','Semarang','1981-07-29','L','','',NULL,NULL,'','','',NULL,0,'','',NULL,NULL,NULL,'FE-MA','register','registrasi'),(177,'2013-05-28 20:29:58','RATIH NOVIA KRISRIYANI','Semarang','1983-11-09','P','','',NULL,NULL,'','','',NULL,0,'','',NULL,NULL,NULL,'FIK-TI','calon','registrasi'),(178,'2013-05-28 20:29:58','UPIT SUSAN MURIANI','Semarang','1983-09-13','P','','',NULL,NULL,'','','',NULL,0,'','',NULL,NULL,NULL,'FIK-TI','register','registrasi'),(179,'2013-05-28 20:29:58','ARIP MUSTAPA','Grobogan','1983-03-09','L','','',NULL,NULL,'','','',NULL,0,'','',NULL,NULL,NULL,'FE-MA','calon','registrasi'),(180,'2013-05-28 20:29:58','NUR CHASANAH','Bangsri','1983-09-13','P','','',NULL,NULL,'','','',NULL,0,'','',NULL,NULL,NULL,'FE-MA','register','registrasi'),(181,'2013-05-28 20:29:58','RR SETYO HERAWATI','Semarang','1983-04-21','P','','',NULL,NULL,'','','',NULL,0,'','',NULL,NULL,NULL,'FIK-SI','daftar','registrasi'),(182,'2013-05-28 20:29:58','IGNASIUS WIJAYA','Semarang','1982-04-29','L','','',NULL,NULL,'','','',NULL,0,'','',NULL,NULL,NULL,'FE-MA','register','registrasi'),(183,'2013-05-28 20:29:58','MULYOSARI NOVIANI T','Semarang','1983-11-17','P','','',NULL,NULL,'','','',NULL,0,'','',NULL,NULL,NULL,'FIK-TI','calon','registrasi'),(184,'2013-05-28 20:29:58','ANDRIYATI','Banjarnegara','1983-01-21','P','','',NULL,NULL,'','','',NULL,0,'','',NULL,NULL,NULL,'FIK-TI','register','registrasi'),(185,'2013-05-28 20:29:58','MEI RAGIL SAPUTRO','Grobogan','1983-05-07','L','','',NULL,NULL,'','','',NULL,0,'','',NULL,NULL,NULL,'FE-MA','calon','registrasi'),(186,'2013-05-28 20:29:58','ARIF FANDIWIBOWO','Semarang','1983-06-07','L','','',NULL,NULL,'','','',NULL,0,'','',NULL,NULL,NULL,'FE-MA','register','registrasi'),(187,'2013-05-28 20:29:58','LILIK HARYANTO','Magelang','1980-04-04','L','','',NULL,NULL,'','','',NULL,0,'','',NULL,NULL,NULL,'FIK-SI','daftar','registrasi'),(188,'2013-05-28 20:29:58','ARI PRIMARDIASTUTI','Semarang','1983-04-14','P','','',NULL,NULL,'','','',NULL,0,'','',NULL,NULL,NULL,'FE-MA','register','registrasi'),(189,'2013-05-28 20:29:58','MARTIYANA N','Semarang','1981-03-13','P','','',NULL,NULL,'','','',NULL,0,'','',NULL,NULL,NULL,'FIK-TI','calon','registrasi'),(190,'2013-05-28 20:29:58','SRI LESTARI','Grobogan','1982-05-10','P','','',NULL,NULL,'','','',NULL,0,'','',NULL,NULL,NULL,'FIK-TI','register','registrasi'),(191,'2013-05-28 20:29:58','SITI RAHAYU','Semarang','1983-09-14','P','','',NULL,NULL,'','','',NULL,0,'','',NULL,NULL,NULL,'FE-MA','calon','registrasi'),(192,'2013-05-28 20:29:58','ENDAH PURNAMA SARI','Kudus','1983-12-17','P','','',NULL,NULL,'','','',NULL,0,'','',NULL,NULL,NULL,'FE-MA','register','registrasi'),(193,'2013-05-28 20:29:58','RETNO SULISTYANINGSIH','Semarang','1983-05-20','P','','',NULL,NULL,'','','',NULL,0,'','',NULL,NULL,NULL,'FIK-SI','daftar','registrasi'),(194,'2013-05-28 20:29:58','SUSI ANDRIANI','Tegal','1983-06-04','P','','',NULL,NULL,'','','',NULL,0,'','',NULL,NULL,NULL,'FE-MA','register','registrasi'),(195,'2013-05-28 20:29:58','IRMA WIJAYANTI','Semarang','1983-03-04','P','','',NULL,NULL,'','','',NULL,0,'','',NULL,NULL,NULL,'FIK-TI','calon','registrasi'),(196,'2013-05-28 20:29:58','RENI DIYAH H','Semarang','1984-08-06','P','','',NULL,NULL,'','','',NULL,0,'','',NULL,NULL,NULL,'FIK-TI','register','registrasi'),(197,'2013-05-28 20:29:58','WILLY NOER LUSIANA','Ambarawa','1983-05-19','P','','',NULL,NULL,'','','',NULL,0,'','',NULL,NULL,NULL,'FE-MA','calon','registrasi'),(198,'2013-05-28 20:29:58','HERRY PRAMONO','Semarang','1980-04-11','L','','',NULL,NULL,'','','',NULL,0,'','',NULL,NULL,NULL,'FE-MA','register','registrasi'),(199,'2013-05-28 20:29:58','SRI DEWI NUGRANTIA','Semarang','1983-01-21','P','','',NULL,NULL,'','','',NULL,0,'','',NULL,NULL,NULL,'FIK-SI','daftar','registrasi'),(200,'2013-05-28 20:29:58','TIAR PUJIASTUTI','','1983-09-16','P','','',NULL,NULL,'','','',NULL,0,'','',NULL,NULL,NULL,'FE-MA','register','registrasi'),(201,'2013-05-28 20:29:58','NIKEN ADISTI  PRAWIDASARI','Semarang','1983-12-08','P','','',NULL,NULL,'','','',NULL,0,'','',NULL,NULL,NULL,'FIK-TI','calon','registrasi'),(202,'2013-05-28 20:29:58','SETYO PRASIYANTO CAHYONO','','1980-09-23','L','','',NULL,NULL,'','','',NULL,0,'','',NULL,NULL,NULL,'FIK-TI','register','registrasi'),(203,'2013-05-28 20:29:58','HENING SUKMAJATI','Semarang','1982-11-19','P','','',NULL,NULL,'','','',NULL,0,'','',NULL,NULL,NULL,'FE-MA','calon','registrasi'),(204,'2013-05-28 20:29:58','ZHEVRY APRILIANSYAH','Semarang','1983-04-12','L','','',NULL,NULL,'','','',NULL,0,'','',NULL,NULL,NULL,'FE-MA','register','registrasi'),(205,'2013-05-28 20:29:58','ARIF KURNIAWAN','Magelang','1983-10-02','L','','',NULL,NULL,'','','',NULL,0,'','',NULL,NULL,NULL,'FIK-SI','daftar','registrasi'),(206,'2013-05-28 20:29:58','DESRINA NURCAHYANI','','1982-12-01','P','','',NULL,NULL,'','','',NULL,0,'','',NULL,NULL,NULL,'FE-MA','register','registrasi'),(207,'2013-05-28 20:29:58','ASIS PRAHARA SRI P','Pati','1982-11-18','P','','',NULL,NULL,'','','',NULL,0,'','',NULL,NULL,NULL,'FIK-TI','calon','registrasi'),(208,'2013-05-28 20:29:58','FITRI MULYADI','Jakarta','1983-02-15','P','','',NULL,NULL,'','','',NULL,0,'','',NULL,NULL,NULL,'FIK-TI','register','registrasi'),(209,'2013-05-28 20:29:58','CAHYA NINGTYAS','Semarang','1983-02-15','P','','',NULL,NULL,'','','',NULL,0,'','',NULL,NULL,NULL,'FE-MA','calon','registrasi'),(210,'2013-05-28 20:29:58','HARTOYO SETYAWAN','Slawi','1976-09-01','L','','',NULL,NULL,'','','',NULL,0,'','',NULL,NULL,NULL,'FE-MA','register','registrasi'),(211,'2013-05-28 20:29:58','DWI APRILIA','','1983-04-04','P','','',NULL,NULL,'','','',NULL,0,'','',NULL,NULL,NULL,'FIK-SI','daftar','registrasi'),(212,'2013-05-28 20:29:58','WIDYAWAN ADHI SASONO','Kendal','1982-06-03','L','','',NULL,NULL,'','','',NULL,0,'','',NULL,NULL,NULL,'FE-MA','register','registrasi'),(213,'2013-05-28 20:29:58','GATOT ADI NUGRAHA','Pati','1983-10-17','L','','',NULL,NULL,'','','',NULL,0,'','',NULL,NULL,NULL,'FIK-TI','calon','registrasi'),(214,'2013-05-28 20:29:58','ENDANG SUPRIYATIN','Grobogan','1982-04-26','P','','',NULL,NULL,'','','',NULL,0,'','',NULL,NULL,NULL,'FIK-TI','register','registrasi'),(215,'2013-05-28 20:29:58','ALIT PUTRI  P.P','Semarang','1983-06-13','P','','',NULL,NULL,'','','',NULL,0,'','',NULL,NULL,NULL,'FE-MA','calon','registrasi'),(216,'2013-05-28 20:29:58','IVO VIERDEY PIETERS','Semarang','1981-11-12','L','','',NULL,NULL,'','','',NULL,0,'','',NULL,NULL,NULL,'FE-MA','register','registrasi'),(217,'2013-05-28 20:29:58','DESWANDITO DWI SAPTANTO','','1981-12-01','L','','',NULL,NULL,'','','',NULL,0,'','',NULL,NULL,NULL,'FIK-SI','daftar','registrasi'),(218,'2013-05-28 20:29:58','IDA AYU DANIE ANGGRAINI S','Semarang','1983-07-19','P','','',NULL,NULL,'','','',NULL,0,'','',NULL,NULL,NULL,'FE-MA','register','registrasi'),(219,'2013-05-28 20:29:58','RUDY KURNIAWAN','Semarang','1983-06-01','L','','',NULL,NULL,'','','',NULL,0,'','',NULL,NULL,NULL,'FIK-TI','calon','registrasi'),(220,'2013-05-28 20:29:58','NURMALA NUGRAHENI SETYO P','Purwodadi','1973-09-05','P','','',NULL,NULL,'','','',NULL,0,'','',NULL,NULL,NULL,'FIK-TI','register','registrasi'),(221,'2013-05-28 20:29:58','ALFA FITRIA S','Jakarta','1983-04-16','P','','',NULL,NULL,'','','',NULL,0,'','',NULL,NULL,NULL,'FE-MA','calon','registrasi'),(222,'2013-05-28 20:29:58','HAWIK ANDRIANI','Demak','1982-01-29','P','','',NULL,NULL,'','','',NULL,0,'','',NULL,NULL,NULL,'FE-MA','register','registrasi'),(223,'2013-05-28 20:29:58','CARLI CLAUDYA BRIGITTA','Semarang','1982-10-04','P','','',NULL,NULL,'','','',NULL,0,'','',NULL,NULL,NULL,'FIK-SI','daftar','registrasi'),(224,'2013-05-28 20:29:58','PUTU MELATI','','1983-03-19','P','','',NULL,NULL,'','','',NULL,0,'','',NULL,NULL,NULL,'FE-MA','register','registrasi'),(225,'2013-05-28 20:29:58','BAGUS TITIS PRAYITNA','Salatiga','1981-03-17','L','','',NULL,NULL,'','','',NULL,0,'','',NULL,NULL,NULL,'FIK-TI','calon','registrasi'),(226,'2013-05-28 20:29:58','ANDRE ARIAWAN','Grobogan','1981-05-01','L','','',NULL,NULL,'','','',NULL,0,'','',NULL,NULL,NULL,'FIK-TI','register','registrasi'),(227,'2013-05-28 20:29:58','FURI GUSTINASARI','','1983-08-03','P','','',NULL,NULL,'','','',NULL,0,'','',NULL,NULL,NULL,'FE-MA','calon','registrasi'),(228,'2013-05-28 20:29:58','DUWI RUSITA','Pati','1983-07-02','P','','',NULL,NULL,'','','',NULL,0,'','',NULL,NULL,NULL,'FE-MA','register','registrasi'),(229,'2013-05-28 20:29:58','ASMELIA FALNI HODJA','Todahe','1983-04-04','P','','',NULL,NULL,'','','',NULL,0,'','',NULL,NULL,NULL,'FIK-SI','daftar','registrasi'),(230,'2013-05-28 20:29:58','HERMIN SEIPATTISEUN','Kediri','1984-02-09','P','','',NULL,NULL,'','','',NULL,0,'','',NULL,NULL,NULL,'FE-MA','register','registrasi'),(231,'2013-05-28 20:29:58','WILMA RAHMAWATI','Palembang','1982-10-18','P','','',NULL,NULL,'','','',NULL,0,'','',NULL,NULL,NULL,'FIK-TI','calon','registrasi'),(232,'2013-05-28 20:29:58','FARIDA HIDAYAH','Kudus','1983-02-26','P','','',NULL,NULL,'','','',NULL,0,'','',NULL,NULL,NULL,'FIK-TI','register','registrasi'),(233,'2013-05-28 20:29:58','DWI YULIANTI','Jepara','1982-12-22','P','','',NULL,NULL,'','','',NULL,0,'','',NULL,NULL,NULL,'FE-MA','calon','registrasi'),(234,'2013-05-28 20:29:58','ASTI ULFIANI NAI','Ujung Pandang','1982-08-19','P','','',NULL,NULL,'','','',NULL,0,'','',NULL,NULL,NULL,'FE-MA','register','registrasi'),(235,'2013-05-28 20:29:58','ANDIK PRASETYO PURNOMO','Blitar','1982-07-15','L','','',NULL,NULL,'','','',NULL,0,'','',NULL,NULL,NULL,'FIK-SI','daftar','registrasi'),(236,'2013-05-28 20:29:58','ANIKMATUN NIKMAH','','1983-11-27','P','','',NULL,NULL,'','','',NULL,0,'','',NULL,NULL,NULL,'FE-MA','register','registrasi'),(237,'2013-05-28 20:29:58','RENI BUDI PURDILIYANTI','Blora','1984-07-11','P','','',NULL,NULL,'','','',NULL,0,'','',NULL,NULL,NULL,'FIK-TI','calon','registrasi'),(238,'2013-05-28 20:29:58','DHEWY SUROTO','Demak','1983-04-14','P','','',NULL,NULL,'','','',NULL,0,'','',NULL,NULL,NULL,'FIK-TI','register','registrasi'),(239,'2013-05-28 20:29:58','LUHDY KURNIA HANARTO','Demak','1982-07-23','L','','',NULL,NULL,'','','',NULL,0,'','',NULL,NULL,NULL,'FE-MA','calon','registrasi'),(240,'2013-05-28 20:29:58','DEWI PANCAWATI','','1984-01-02','P','','',NULL,NULL,'','','',NULL,0,'','',NULL,NULL,NULL,'FE-MA','register','registrasi'),(241,'2013-05-28 20:29:58','MARYANTI WIDI ASTUTI','Kendal','1983-03-11','P','','',NULL,NULL,'','','',NULL,0,'','',NULL,NULL,NULL,'FIK-SI','daftar','registrasi'),(242,'2013-05-28 20:29:58','MUGIYONO','KENDAL','1982-11-26','L','','',NULL,NULL,'','','',NULL,0,'','',NULL,NULL,NULL,'FE-MA','register','registrasi'),(243,'2013-05-28 20:29:58','DWI SUSANTI','Semarang','1983-05-19','P','','',NULL,NULL,'','','',NULL,0,'','',NULL,NULL,NULL,'FIK-TI','calon','registrasi'),(244,'2013-05-28 20:29:58','DINA RONO WINARTI','','1983-06-18','P','','',NULL,NULL,'','','',NULL,0,'','',NULL,NULL,NULL,'FIK-TI','register','registrasi'),(245,'2013-05-28 20:29:58','DEDDY DWIRAKA','Semarang','1982-04-26','L','','',NULL,NULL,'','','',NULL,0,'','',NULL,NULL,NULL,'FE-MA','calon','registrasi'),(246,'2013-05-28 20:29:58','FX HAPSARA HEXSA SIWI P','Semarang','1980-10-24','L','','',NULL,NULL,'','','',NULL,0,'','',NULL,NULL,NULL,'FE-MA','register','registrasi'),(247,'2013-05-28 20:29:58','DAVID TIMOTIUS','Balikpapan','1983-03-23','L','','',NULL,NULL,'','','',NULL,0,'','',NULL,NULL,NULL,'FIK-SI','daftar','registrasi'),(248,'2013-05-28 20:29:58','NOVI ARI VIANI','Semarang','1983-12-18','P','','',NULL,NULL,'','','',NULL,0,'','',NULL,NULL,NULL,'FE-MA','register','registrasi'),(249,'2013-05-28 20:29:58','A DIAN SUSANTO','Jepara','1983-05-05','L','','',NULL,NULL,'','','',NULL,0,'','',NULL,NULL,NULL,'FIK-TI','calon','registrasi'),(250,'2013-05-28 20:29:58','PENI SUSILOWATI','','1974-01-29','P','','',NULL,NULL,'','','',NULL,0,'','',NULL,NULL,NULL,'FIK-TI','register','registrasi'),(251,'2013-05-28 20:29:58','YAKOMINA BALINEMENG','Akimuga','1979-09-26','P','','',NULL,NULL,'','','',NULL,0,'','',NULL,NULL,NULL,'FE-MA','calon','registrasi'),(252,'2013-05-28 20:29:58','YOGA SISPRADIPTO','Semarang','1982-11-11','L','','',NULL,NULL,'','','',NULL,0,'','',NULL,NULL,NULL,'FE-MA','register','registrasi'),(253,'2013-05-28 20:29:58','AJISON','','1983-04-06','L','','',NULL,NULL,'','','',NULL,0,'','',NULL,NULL,NULL,'FIK-SI','daftar','registrasi'),(254,'2013-05-28 20:29:58','WIDHA ARTIANI','Pemalang','1983-09-21','P','','',NULL,NULL,'','','',NULL,0,'','',NULL,NULL,NULL,'FE-MA','register','registrasi'),(255,'2013-05-28 20:29:58','SAPTA NUGROHO','Semarang','1982-12-26','L','','',NULL,NULL,'','','',NULL,0,'','',NULL,NULL,NULL,'FIK-TI','calon','registrasi'),(256,'2013-05-28 20:29:58','FRANSISCA AYU WIEDIYATI K','Semarang','1982-11-07','P','','',NULL,NULL,'','','',NULL,0,'','',NULL,NULL,NULL,'FIK-TI','register','registrasi'),(257,'2013-05-28 20:29:58','DINI ISTRININGSIH ANDRIAN','Kedungjati Kabupaten Grobogan','1983-12-10','P','','',NULL,NULL,'','','',NULL,0,'','',NULL,NULL,NULL,'FE-MA','calon','registrasi'),(258,'2013-05-28 20:29:58','DINI KURNIA KUSUMA','Pati','1983-04-02','P','','',NULL,NULL,'','','',NULL,0,'','',NULL,NULL,NULL,'FE-MA','register','registrasi'),(259,'2013-05-28 20:29:58','SARMIDI','Demak','1981-05-12','L','','',NULL,NULL,'','','',NULL,0,'','',NULL,NULL,NULL,'FIK-SI','daftar','registrasi'),(260,'2013-05-28 20:29:58','MUHAMMAD TAUFIQ','Jepara','1981-04-07','L','','',NULL,NULL,'','','',NULL,0,'','',NULL,NULL,NULL,'FE-MA','register','registrasi'),(261,'2013-05-28 20:29:58','SITI NURHENI','Blora','1983-01-18','P','','',NULL,NULL,'','','',NULL,0,'','',NULL,NULL,NULL,'FIK-TI','calon','registrasi'),(262,'2013-05-28 20:29:58','BENNY APRIYANTO','Semarang','1983-07-06','L','','',NULL,NULL,'','','',NULL,0,'','',NULL,NULL,NULL,'FIK-TI','register','registrasi'),(263,'2013-05-28 20:29:58','INDAH MAI INDRAWATI','Surabaya','1981-05-03','P','','',NULL,NULL,'','','',NULL,0,'','',NULL,NULL,NULL,'FE-MA','calon','registrasi'),(264,'2013-05-28 20:29:58','MOCHAMMAD ALDILA SOFYAN','Jakarta','1984-02-11','L','','',NULL,NULL,'','','',NULL,0,'','',NULL,NULL,NULL,'FE-MA','register','registrasi'),(265,'2013-05-28 20:29:58','FITTROTUNNISA\'CAHYANITA N','Semarang','1983-08-10','P','','',NULL,NULL,'','','',NULL,0,'','',NULL,NULL,NULL,'FIK-SI','daftar','registrasi'),(266,'2013-05-28 20:29:58','ALIA ENING WIRASTI','','1982-02-01','P','','',NULL,NULL,'','','',NULL,0,'','',NULL,NULL,NULL,'FE-MA','register','registrasi'),(267,'2013-05-28 20:29:58','SUPRAPTI','Boyolali','1982-10-04','P','','',NULL,NULL,'','','',NULL,0,'','',NULL,NULL,NULL,'FIK-TI','calon','registrasi'),(268,'2013-05-28 20:29:58','IKA KARTIKA SARI','Bogor','1982-10-23','P','','',NULL,NULL,'','','',NULL,0,'','',NULL,NULL,NULL,'FIK-TI','register','registrasi'),(269,'2013-05-28 20:29:58','NOOR BEKTI SETIAWATI','Tegal','1983-05-23','P','','',NULL,NULL,'','','',NULL,0,'','',NULL,NULL,NULL,'FE-MA','calon','registrasi'),(270,'2013-05-28 20:29:58','AGUSTINUS SELEGANI','Kenditapa','1980-09-18','L','','',NULL,NULL,'','','',NULL,0,'','',NULL,NULL,NULL,'FE-MA','register','registrasi'),(271,'2013-05-28 20:29:58','RENNA ANNISA RIZQINA','','1983-10-21','P','','',NULL,NULL,'','','',NULL,0,'','',NULL,NULL,NULL,'FIK-SI','daftar','registrasi'),(272,'2013-05-28 20:29:58','MUHAMMAD IRFAN WIDODO','Jepara','1983-12-20','L','','',NULL,NULL,'','','',NULL,0,'','',NULL,NULL,NULL,'FE-MA','register','registrasi'),(273,'2013-05-28 20:29:58','SRI WAHYUNI','Pati','1981-06-13','P','','',NULL,NULL,'','','',NULL,0,'','',NULL,NULL,NULL,'FIK-TI','calon','registrasi'),(274,'2013-05-28 20:29:58','AGUSTININGRUM','Rembang','1982-08-02','P','','',NULL,NULL,'','','',NULL,0,'','',NULL,NULL,NULL,'FIK-TI','register','registrasi'),(275,'2013-05-28 20:29:58','DONNA IKHAWANDITO SENO AJ','Purwokerto','1977-09-22','L','','',NULL,NULL,'','','',NULL,0,'','',NULL,NULL,NULL,'FE-MA','calon','registrasi'),(276,'2013-05-28 20:29:58','REYNILDA','Banda Aceh','1983-10-27','P','','',NULL,NULL,'','','',NULL,0,'','',NULL,NULL,NULL,'FE-MA','register','registrasi'),(277,'2013-05-28 20:29:58','YUNI ASTUTI ESTININGSIH','Temanggung','1980-06-20','P','','',NULL,NULL,'','','',NULL,0,'','',NULL,NULL,NULL,'FIK-SI','daftar','registrasi'),(278,'2013-05-28 20:29:58','VEM MULADI','Grobogan','1984-11-01','L','','',NULL,NULL,'','','',NULL,0,'','',NULL,NULL,NULL,'FE-MA','register','registrasi'),(279,'2013-05-28 20:29:58','IWAN HERTANTO','Pati','1983-08-07','L','','',NULL,NULL,'','','',NULL,0,'','',NULL,NULL,NULL,'FIK-TI','calon','registrasi'),(280,'2013-05-28 20:29:58','KHUSNAYANTI','DEMAK','1982-07-05','P','','',NULL,NULL,'','','',NULL,0,'','',NULL,NULL,NULL,'FIK-TI','register','registrasi'),(281,'2013-05-28 20:29:58','TEGUH PRASETYA','Pemalang','1983-09-08','L','','',NULL,NULL,'','','',NULL,0,'','',NULL,NULL,NULL,'FE-MA','calon','registrasi'),(282,'2013-05-28 20:29:58','NORMALASARI','Semarang','1982-06-13','P','','',NULL,NULL,'','','',NULL,0,'','',NULL,NULL,NULL,'FE-MA','register','registrasi'),(283,'2013-05-28 20:29:58','NENENG INAYATI','Semarang','1979-08-17','P','','',NULL,NULL,'','','',NULL,0,'','',NULL,NULL,NULL,'FIK-SI','daftar','registrasi'),(284,'2013-05-28 20:29:58','DWI CAHYANI SEPTARINI','','1977-09-23','P','','',NULL,NULL,'','','',NULL,0,'','',NULL,NULL,NULL,'FE-MA','register','registrasi'),(285,'2013-05-28 20:29:58','SUSIANAH NINGSIH','Pasuruan','1981-05-15','P','','',NULL,NULL,'','','',NULL,0,'','',NULL,NULL,NULL,'FIK-TI','calon','registrasi'),(286,'2013-05-28 20:29:58','ARLISA WINDY FRESNAWATI','Semarang','1983-10-14','P','','',NULL,NULL,'','','',NULL,0,'','',NULL,NULL,NULL,'FIK-TI','register','registrasi'),(287,'2013-05-28 20:29:58','TRIANDY WINASISO','Semarang','1982-08-01','L','','',NULL,NULL,'','','',NULL,0,'','',NULL,NULL,NULL,'FE-MA','calon','registrasi'),(288,'2013-05-28 20:29:58','ALI SHODIKIN','Jepara','1983-08-20','L','','',NULL,NULL,'','','',NULL,0,'','',NULL,NULL,NULL,'FE-MA','register','registrasi'),(289,'2013-05-28 20:29:58','DIAN AYU HAPSARI','Semarang','1985-01-09','P','','',NULL,NULL,'','','',NULL,0,'','',NULL,NULL,NULL,'FIK-SI','daftar','registrasi'),(290,'2013-05-28 20:29:58','WULAN DWI PUTRANTI','Kudus','1984-02-26','P','','',NULL,NULL,'','','',NULL,0,'','',NULL,NULL,NULL,'FE-MA','register','registrasi'),(291,'2013-05-28 20:29:58','YULIEA WIJAYANTI','Kudus','1984-07-21','P','','',NULL,NULL,'','','',NULL,0,'','',NULL,NULL,NULL,'FIK-TI','calon','registrasi'),(292,'2013-05-28 20:29:58','KUMALA SARI DEWI','Semarang','1980-10-21','P','','',NULL,NULL,'','','',NULL,0,'','',NULL,NULL,NULL,'FIK-TI','register','registrasi'),(293,'2013-05-28 20:29:58','NATALINA HASRINING RWAWAT','Semarang','1978-12-24','P','','',NULL,NULL,'','','',NULL,0,'','',NULL,NULL,NULL,'FE-MA','calon','registrasi'),(294,'2013-05-28 20:29:58','DANI PRASETYO UTOMO','Semarang','1984-02-20','L','','',NULL,NULL,'','','',NULL,0,'','',NULL,NULL,NULL,'FE-MA','register','registrasi'),(295,'2013-05-28 20:29:58','DEWI NOVIANA SANTOSO','Semarang','1983-11-25','P','','',NULL,NULL,'','','',NULL,0,'','',NULL,NULL,NULL,'FIK-SI','daftar','registrasi'),(296,'2013-05-28 20:29:58','NENI AMRINAWATI','Batang','1984-03-10','P','','',NULL,NULL,'','','',NULL,0,'','',NULL,NULL,NULL,'FE-MA','register','registrasi'),(297,'2013-05-28 20:29:58','DINAR RUSSILA NINGRUM','Kendal','1984-12-08','P','','',NULL,NULL,'','','',NULL,0,'','',NULL,NULL,NULL,'FIK-TI','calon','registrasi'),(298,'2013-05-28 20:29:58','ADRIANI PERMATA SARI','Semarang','2000-07-20','P','','',NULL,NULL,'','','',NULL,0,'','',NULL,NULL,NULL,'FIK-TI','register','registrasi'),(299,'2013-05-28 20:29:58','ADHAN BINTOLO','Blora','1984-03-05','L','','',NULL,NULL,'','','',NULL,0,'','',NULL,NULL,NULL,'FE-MA','calon','registrasi'),(300,'2013-05-28 20:29:58','SITI LATIFAH HIDAYATI','',NULL,'P','','',NULL,NULL,'','','',NULL,0,'','',NULL,NULL,NULL,'FE-MA','register','registrasi'),(1203,'2013-06-08 15:10:46','Dewi Nurdiyah','Kendal','1989-12-05','P','dewi.nurdiyah@gmail.com','d27068bcbd3cf9f05c1ffe15610e82ac',12,2,'51355','jl. nakula.','085325470549',1,0,'SMK Tunas Harapan',NULL,'8.00',NULL,NULL,'FIK-TI','calon','registrasi');

/*Table structure for table `calon_mahasiswa_copy` */

DROP TABLE IF EXISTS `calon_mahasiswa_copy`;

CREATE TABLE `calon_mahasiswa_copy` (
  `id` int(10) unsigned NOT NULL AUTO_INCREMENT,
  `tanggal_register` datetime DEFAULT NULL,
  `nama` varchar(255) DEFAULT '',
  `tempat_lahir` varchar(255) DEFAULT '',
  `tgl_lahir` date DEFAULT '0000-00-00',
  `jenis_kelamin` enum('L','P') NOT NULL,
  `email` varchar(255) DEFAULT '',
  `password` varchar(255) DEFAULT NULL,
  `propinsi_id` int(5) DEFAULT NULL,
  `kota_kab_id` int(5) DEFAULT NULL,
  `kodepos` char(255) DEFAULT '',
  `alamat` text,
  `telp` char(255) DEFAULT '',
  `jenjang_pendidikan_id` int(5) DEFAULT NULL,
  `jenis_pendaftaran_id` int(10) unsigned NOT NULL DEFAULT '0',
  `asal_sekolah` varchar(255) DEFAULT NULL,
  `asal_universitas` varchar(255) DEFAULT NULL,
  `transkrip_nilai` decimal(3,2) DEFAULT NULL,
  `skhu` decimal(3,2) DEFAULT NULL,
  `programstudi_kode` char(10) NOT NULL DEFAULT '0',
  `status_pmb` enum('lulus','gagal','daftar') NOT NULL DEFAULT 'daftar',
  `status_registrasi` enum('registrasi','confirmed','banned') DEFAULT 'registrasi',
  PRIMARY KEY (`id`),
  KEY `programstudi_kode` (`programstudi_kode`),
  KEY `jenis_kelamin_id` (`jenis_kelamin`),
  KEY `pilih_jenis_pendaftaran_id` (`jenis_pendaftaran_id`),
  KEY `status_pmb_id` (`status_pmb`)
) ENGINE=InnoDB AUTO_INCREMENT=72 DEFAULT CHARSET=latin1;

/*Data for the table `calon_mahasiswa_copy` */

insert  into `calon_mahasiswa_copy`(`id`,`tanggal_register`,`nama`,`tempat_lahir`,`tgl_lahir`,`jenis_kelamin`,`email`,`password`,`propinsi_id`,`kota_kab_id`,`kodepos`,`alamat`,`telp`,`jenjang_pendidikan_id`,`jenis_pendaftaran_id`,`asal_sekolah`,`asal_universitas`,`transkrip_nilai`,`skhu`,`programstudi_kode`,`status_pmb`,`status_registrasi`) values (10,'2013-05-18 23:52:29','KUN CAHYO ARDI','Banjarmasin','0000-00-00','L','','KUN CAHYO ARDI',12,NULL,'',NULL,'08080808',NULL,0,NULL,NULL,NULL,NULL,'FIK-TI','daftar','registrasi'),(11,NULL,'WISNU NUGROHO','Semarang','0000-00-00','L','','00002',13,NULL,'',NULL,'',NULL,0,NULL,NULL,NULL,NULL,'FIK-TI','daftar','registrasi'),(12,NULL,'IRFAN PUSPITO ARDI','Pati','0000-00-00','L','','IRFAN PUSPITO ARDI',NULL,NULL,'',NULL,'',NULL,0,NULL,NULL,NULL,NULL,'FIK-TI','daftar','registrasi'),(13,NULL,'PRADITYO PRAKOSO','Jakarta','0000-00-00','L','','PRADITYO PRAKOSO',NULL,NULL,'',NULL,'',NULL,0,NULL,NULL,NULL,NULL,'FIK-TI','daftar','registrasi'),(14,NULL,'ADITYA KURNIAWAN','Pati','0000-00-00','L','','ADITYA KURNIAWAN',NULL,NULL,'',NULL,'',NULL,0,NULL,NULL,NULL,NULL,'FIK-TI','daftar','registrasi'),(15,NULL,'BIMANTARA DHANU MAHARDIKA','Semarang','0000-00-00','L','','BIMANTARA DHANU MAHARDIKA',NULL,NULL,'',NULL,'',NULL,0,NULL,NULL,NULL,NULL,'FIK-TI','daftar','registrasi'),(16,NULL,'RIZALDO ARIF AKBAR','Semarang','0000-00-00','L','','RIZALDO ARIF AKBAR',NULL,NULL,'',NULL,'',NULL,0,NULL,NULL,NULL,NULL,'FIK-TI','daftar','registrasi'),(17,NULL,'MUHAMMAD SYAIFUR ROHMAN','Yogyakarta','0000-00-00','L','','MUHAMMAD SYAIFUR ROHMAN',NULL,NULL,'',NULL,'',NULL,0,NULL,NULL,NULL,NULL,'FIK-TI','daftar','registrasi'),(18,NULL,'PENI KURNIAWATI','Semarang','0000-00-00','P','','PENI KURNIAWATI',NULL,NULL,'',NULL,'',NULL,0,NULL,NULL,NULL,NULL,'FIK-TI','daftar','registrasi'),(19,NULL,'BAYU HENDRA SETIAWAN','Pati','0000-00-00','L','','BAYU HENDRA SETIAWAN',NULL,NULL,'',NULL,'',NULL,0,NULL,NULL,NULL,NULL,'FIK-TI','daftar','registrasi'),(20,NULL,'DIXIE AMAZIA CITA ASMARA','Semarang','0000-00-00','P','','DIXIE AMAZIA CITA ASMARA',NULL,NULL,'',NULL,'',NULL,0,NULL,NULL,NULL,NULL,'FIK-TI','daftar','registrasi'),(21,NULL,'YOSEP ADITYA WICAKSONO','Jepara','0000-00-00','L','','YOSEP ADITYA WICAKSONO',NULL,NULL,'',NULL,'',NULL,0,NULL,NULL,NULL,NULL,'FIK-TI','daftar','registrasi'),(22,NULL,'MIFTAH IRFAN NUGROHO','Pati','0000-00-00','L','','MIFTAH IRFAN NUGROHO',NULL,NULL,'',NULL,'',NULL,0,NULL,NULL,NULL,NULL,'FIK-TI','daftar','registrasi'),(23,NULL,'FAJRI AGUNG SANTOSO','Blora','0000-00-00','L','','FAJRI AGUNG SANTOSO',NULL,NULL,'',NULL,'',NULL,0,NULL,NULL,NULL,NULL,'FIK-TI','daftar','registrasi'),(24,NULL,'VICKY SETIYAWAN','Semarang','0000-00-00','L','','VICKY SETIYAWAN',NULL,NULL,'',NULL,'',NULL,0,NULL,NULL,NULL,NULL,'FIK-TI','daftar','registrasi'),(25,NULL,'ARIEF DWI SANTOSO','Semarang','0000-00-00','L','','ARIEF DWI SANTOSO',NULL,NULL,'',NULL,'',NULL,0,NULL,NULL,NULL,NULL,'FIK-TI','daftar','registrasi'),(26,NULL,'TRI ADHI ATMAJI','Blora','0000-00-00','L','','TRI ADHI ATMAJI',NULL,NULL,'',NULL,'',NULL,0,NULL,NULL,NULL,NULL,'FIK-TI','daftar','registrasi'),(27,NULL,'KHAFIDZ HIDAYATULLAH','Pemalang','0000-00-00','L','','KHAFIDZ HIDAYATULLAH',NULL,NULL,'',NULL,'',NULL,0,NULL,NULL,NULL,NULL,'FIK-TI','daftar','registrasi'),(28,NULL,'YOHANNA INAWATI SANTOSO','Jepara','0000-00-00','P','','YOHANNA INAWATI SANTOSO',NULL,NULL,'',NULL,'',NULL,0,NULL,NULL,NULL,NULL,'FIK-TI','daftar','registrasi'),(29,NULL,'NANI SRI SULISTIYOWATI','Wonosobo','0000-00-00','P','','NANI SRI SULISTIYOWATI',NULL,NULL,'',NULL,'',NULL,0,NULL,NULL,NULL,NULL,'FIK-TI','daftar','registrasi'),(30,NULL,'SATRIA BAGUS PAMUNGKAS','Kudus','0000-00-00','L','','SATRIA BAGUS PAMUNGKAS',NULL,NULL,'',NULL,'',NULL,0,NULL,NULL,NULL,NULL,'FIK-TI','daftar','registrasi'),(31,NULL,'DEVI KARTIKASARI','Pekalongan','0000-00-00','P','','DEVI KARTIKASARI',NULL,NULL,'',NULL,'',NULL,0,NULL,NULL,NULL,NULL,'FIK-TI','daftar','registrasi'),(32,NULL,'DWI VENI ELVANINGTYAS','Kudus','0000-00-00','P','','DWI VENI ELVANINGTYAS',NULL,NULL,'',NULL,'',NULL,0,NULL,NULL,NULL,NULL,'FIK-TI','daftar','registrasi'),(33,NULL,'TUTUT DEDE PRASSETYA','Semarang','0000-00-00','L','','TUTUT DEDE PRASSETYA',NULL,NULL,'',NULL,'',NULL,0,NULL,NULL,NULL,NULL,'FIK-TI','daftar','registrasi'),(34,NULL,'LAURENSIUS FALEDDO GIRI R','Semarang','0000-00-00','L','','LAURENSIUS FALEDDO GIRI R',NULL,NULL,'',NULL,'',NULL,0,NULL,NULL,NULL,NULL,'FIK-TI','daftar','registrasi'),(35,NULL,'TRI ASWORO MITUHU SUBEKTI','Semarang','0000-00-00','L','','TRI ASWORO MITUHU SUBEKTI',NULL,NULL,'',NULL,'',NULL,0,NULL,NULL,NULL,NULL,'FIK-TI','daftar','registrasi'),(36,NULL,'SILMA ARIF USWATUN KHASANAH','Pekalongan','0000-00-00','P','','SILMA ARIF USWATUN KHASANAH',NULL,NULL,'',NULL,'',NULL,0,NULL,NULL,NULL,NULL,'FIK-TI','daftar','registrasi'),(37,NULL,'HARTINI SUCIATI','Pemalang','0000-00-00','P','','HARTINI SUCIATI',NULL,NULL,'',NULL,'',NULL,0,NULL,NULL,NULL,NULL,'FIK-TI','daftar','registrasi'),(38,NULL,'RIA INDAH FITRIA','Brebes','0000-00-00','P','','RIA INDAH FITRIA',NULL,NULL,'',NULL,'',NULL,0,NULL,NULL,NULL,NULL,'FIK-TI','daftar','registrasi'),(39,NULL,'SOFIEA NUR ARDINA','Semarang','0000-00-00','P','','SOFIEA NUR ARDINA',NULL,NULL,'',NULL,'',NULL,0,NULL,NULL,NULL,NULL,'FIK-TI','daftar','registrasi'),(40,NULL,'SETYAJI WAHYU BASKARA','Pati','0000-00-00','L','','SETYAJI WAHYU BASKARA',NULL,NULL,'',NULL,'',NULL,0,NULL,NULL,NULL,NULL,'FIK-TI','daftar','registrasi'),(41,NULL,'LOURENSIUS ROSANO HERIANTO','Semarang','0000-00-00','L','','LOURENSIUS ROSANO HERIANTO',NULL,NULL,'',NULL,'',NULL,0,NULL,NULL,NULL,NULL,'FIK-TI','daftar','registrasi'),(42,NULL,'ALOYSIUS KELVIN MAHADIKA','Semarang','0000-00-00','L','','ALOYSIUS KELVIN MAHADIKA',NULL,NULL,'',NULL,'',NULL,0,NULL,NULL,NULL,NULL,'FIK-TI','daftar','registrasi'),(43,NULL,'FILA BAYU WISESA','Semarang','0000-00-00','L','','FILA BAYU WISESA',NULL,NULL,'',NULL,'',NULL,0,NULL,NULL,NULL,NULL,'FIK-TI','daftar','registrasi'),(44,NULL,'FEBIANDRA KADITA','Semarang','0000-00-00','P','','FEBIANDRA KADITA',NULL,NULL,'',NULL,'',NULL,0,NULL,NULL,NULL,NULL,'FIK-TI','daftar','registrasi'),(45,NULL,'VENITA AYU SAHARA PUTRI','Semarang','0000-00-00','P','','VENITA AYU SAHARA PUTRI',NULL,NULL,'',NULL,'',NULL,0,NULL,NULL,NULL,NULL,'FIK-TI','daftar','registrasi'),(46,NULL,'JEFFRY CHRISTIAN SUNARTO','Semarang','0000-00-00','L','','JEFFRY CHRISTIAN SUNARTO',NULL,NULL,'',NULL,'',NULL,0,NULL,NULL,NULL,NULL,'FIK-TI','daftar','registrasi'),(47,NULL,'CHANDRA PRADIPTHA S.','Semarang','0000-00-00','L','','CHANDRA PRADIPTHA S.',NULL,NULL,'',NULL,'',NULL,0,NULL,NULL,NULL,NULL,'FIK-TI','daftar','registrasi'),(48,NULL,'JUWIETA MEYDHIA','Tegal','0000-00-00','P','','JUWIETA MEYDHIA',NULL,NULL,'',NULL,'',NULL,0,NULL,NULL,NULL,NULL,'FIK-TI','daftar','registrasi'),(49,NULL,'IRAWAN WISNU WARDANA','Semarang','0000-00-00','L','','IRAWAN WISNU WARDANA',NULL,NULL,'',NULL,'',NULL,0,NULL,NULL,NULL,NULL,'FIK-TI','daftar','registrasi'),(50,NULL,'YOHANES PRABOWO AGUNG SULISTIADI','Cilacap','0000-00-00','L','','YOHANES PRABOWO AGUNG SULISTIADI',NULL,NULL,'',NULL,'',NULL,0,NULL,NULL,NULL,NULL,'FIK-TI','daftar','registrasi'),(51,NULL,'SYLVIANA DIAN PERTIWI','Semarang','0000-00-00','P','','SYLVIANA DIAN PERTIWI',NULL,NULL,'',NULL,'',NULL,0,NULL,NULL,NULL,NULL,'FIK-TI','daftar','registrasi'),(52,NULL,'KRISMA LISNANTYO','Semarang','0000-00-00','L','','KRISMA LISNANTYO',NULL,NULL,'',NULL,'',NULL,0,NULL,NULL,NULL,NULL,'FIK-TI','daftar','registrasi'),(53,NULL,'NOVA MAHARDIKA','Demak','0000-00-00','L','','NOVA MAHARDIKA',NULL,NULL,'',NULL,'',NULL,0,NULL,NULL,NULL,NULL,'FIK-TI','daftar','registrasi'),(54,NULL,'CHAERUDIN WAHYU UTOMO','Grobogan','0000-00-00','L','','CHAERUDIN WAHYU UTOMO',NULL,NULL,'',NULL,'',NULL,0,NULL,NULL,NULL,NULL,'FIK-TI','daftar','registrasi'),(55,NULL,'DWIYAN CHRISTANUGRAHA','Semarang','0000-00-00','L','','DWIYAN CHRISTANUGRAHA',NULL,NULL,'',NULL,'',NULL,0,NULL,NULL,NULL,NULL,'FIK-TI','daftar','registrasi'),(56,NULL,'DENDI SUSANTO','Semarang','0000-00-00','L','','DENDI SUSANTO',NULL,NULL,'',NULL,'',NULL,0,NULL,NULL,NULL,NULL,'FIK-TI','daftar','registrasi'),(57,NULL,'NUR KHARIS','Kebumen','0000-00-00','L','','NUR KHARIS',NULL,NULL,'',NULL,'',NULL,0,NULL,NULL,NULL,NULL,'FIK-TI','daftar','registrasi'),(58,NULL,'AMRY PRASETYO','Semarang','0000-00-00','L','','AMRY PRASETYO',NULL,NULL,'',NULL,'',NULL,0,NULL,NULL,NULL,NULL,'FIK-TI','daftar','registrasi'),(59,NULL,'REVALDI PONCO UTOMO','Blora','0000-00-00','L','','REVALDI PONCO UTOMO',NULL,NULL,'',NULL,'',NULL,0,NULL,NULL,NULL,NULL,'FIK-TI','daftar','registrasi'),(60,NULL,'RIZA AMALIL MUTTAQIN','Kudus','0000-00-00','L','','RIZA AMALIL MUTTAQIN',NULL,NULL,'',NULL,'',NULL,0,NULL,NULL,NULL,NULL,'FIK-TI','daftar','registrasi'),(61,NULL,'YULIYANTO','Blora','0000-00-00','L','','YULIYANTO',NULL,NULL,'',NULL,'',NULL,0,NULL,NULL,NULL,NULL,'FIK-TI','daftar','registrasi'),(62,NULL,'MOCHAMAD ASYHARI KUSNO PUTRO','Semarang','0000-00-00','L','','MOCHAMAD ASYHARI KUSNO PUTRO',NULL,NULL,'',NULL,'',NULL,0,NULL,NULL,NULL,NULL,'FIK-TI','daftar','registrasi'),(63,NULL,'HAFIT MAULANA RAHARJO','Semarang','0000-00-00','L','','HAFIT MAULANA RAHARJO',NULL,NULL,'',NULL,'',NULL,0,NULL,NULL,NULL,NULL,'FIK-TI','daftar','registrasi'),(64,NULL,'DAVID RIZAL ABDILLAH','Semarang','0000-00-00','L','','DAVID RIZAL ABDILLAH',NULL,NULL,'',NULL,'',NULL,0,NULL,NULL,NULL,NULL,'FIK-TI','daftar','registrasi'),(65,NULL,'ABDUL GOHAR','Semarang','0000-00-00','L','','ABDUL GOHAR',NULL,NULL,'',NULL,'',NULL,0,NULL,NULL,NULL,NULL,'FIK-TI','daftar','registrasi'),(66,NULL,'BUDHY HARDIYAN WARDHANA','Mojokerto','0000-00-00','L','','BUDHY HARDIYAN WARDHANA',NULL,NULL,'',NULL,'',NULL,0,NULL,NULL,NULL,NULL,'FIK-TI','daftar','registrasi'),(67,NULL,'CAHYO ARDI LAKSONO','Semarang','0000-00-00','L','','CAHYO ARDI LAKSONO',NULL,NULL,'',NULL,'',NULL,0,NULL,NULL,NULL,NULL,'FIK-TI','daftar','registrasi'),(68,NULL,'GHILMAN NURUL HUDA','Brebes','0000-00-00','L','','GHILMAN NURUL HUDA',NULL,NULL,'',NULL,'',NULL,0,NULL,NULL,NULL,NULL,'FIK-TI','daftar','registrasi'),(69,NULL,'RENI WIDIARDIANI','Demak','0000-00-00','P','','RENI WIDIARDIANI',NULL,NULL,'',NULL,'',NULL,0,NULL,NULL,NULL,NULL,'FIK-TI','daftar','registrasi'),(71,'2013-05-26 16:21:05','WISNU','','0000-00-00','L','wisnu@gmail.com','27ed4737ee82fa903a1848e12e3701da',NULL,NULL,'',NULL,'123456',NULL,0,NULL,NULL,NULL,NULL,'FIK-TI','','registrasi');

/*Table structure for table `dosen` */

DROP TABLE IF EXISTS `dosen`;

CREATE TABLE `dosen` (
  `id` int(10) unsigned NOT NULL AUTO_INCREMENT,
  `karyawan_id` int(10) unsigned NOT NULL,
  `fakultas_kode` char(5) NOT NULL DEFAULT '',
  `programstudi_kode` char(10) NOT NULL DEFAULT '',
  `nip` char(255) DEFAULT '',
  PRIMARY KEY (`id`),
  UNIQUE KEY `nip` (`nip`),
  KEY `karyawan_id` (`karyawan_id`),
  KEY `fakultas_kode` (`fakultas_kode`),
  KEY `programstudi_kode` (`programstudi_kode`)
) ENGINE=InnoDB AUTO_INCREMENT=42 DEFAULT CHARSET=latin1;

/*Data for the table `dosen` */

insert  into `dosen`(`id`,`karyawan_id`,`fakultas_kode`,`programstudi_kode`,`nip`) values (1,1143,'FIK','FIK-TI','0686.11.2012.444'),(2,1140,'FIK','FIK-TI','0686.11.2012.441'),(3,109,'FIK','FIK-TI','0686.11.2000.253'),(4,134,'FIK','FIK-TI','0686.11.2006.336'),(5,70,'FIK','FIK-TI','0686.11.1998.147'),(6,1141,'FIK','FIK-TI','0686.11.2012.442'),(7,270,'FIK','FIK-TI','0686.12.2002.298'),(8,50,'FIK','FIK-TI','0686.11.1996.103'),(9,801,'FIK','FIK-TI','0686.88.0000.423'),(10,1205,'FIK','FIK-TI','0686.11.2012.459'),(11,250,'FIK','FIK-TI','0686.11.2000.252'),(12,58,'FIK','FIK-TI','0686.11.1997.125'),(13,114,'FIK','FIK-TI','0686.11.2001.270'),(14,148,'FIK','FIK-TI','0686.11.2009.361'),(15,71,'FIK','FIK-TI','0686.11.1998.148'),(16,910,'FIK','FIK-TI','0686.88.2010.518'),(17,873,'FIK','FIK-TI','0686.88.2010.493'),(18,905,'FIK','FIK-TI','0686.88.2010.513'),(19,1151,'FIK','FIK-TI','0686.88.2012.668'),(20,872,'FIK','FIK-TI','0686.88.2010.492'),(21,1265,'FIK','FIK-TI','0686.88.2013.734'),(22,993,'FIK','FIK-TI','0686.88.2011.586'),(23,1131,'FIK','FIK-TI','0686.88.2012.660'),(24,22,'FIK','FIK-TI','0686.11.1993.041'),(25,1111,'FIK','FIK-TI','0686.11.2011.429'),(26,15,'FIK','FIK-TI','0686.11.1992.027'),(36,1,'FIK','FIK-TI','0686.11.2013.729'),(38,2,'FIK','FIK-TI','0686.11.2013.730'),(39,3,'FIK','FIK-TI','0686.11.2013.731'),(40,4,'FIK','FIK-TI','0686.11.2013.732'),(41,9,'FIK','FIK-TI','0686.11.2012.733');

/*Table structure for table `fakultas` */

DROP TABLE IF EXISTS `fakultas`;

CREATE TABLE `fakultas` (
  `kode` char(10) NOT NULL DEFAULT '',
  `nama` varchar(255) DEFAULT '',
  PRIMARY KEY (`kode`),
  KEY `id` (`kode`)
) ENGINE=InnoDB DEFAULT CHARSET=latin1;

/*Data for the table `fakultas` */

insert  into `fakultas`(`kode`,`nama`) values ('FE','Fakultas Ekonomi'),('FIB','Fakultas Ilmu Budaya'),('FIK','Fakultas Ilmu Komputer'),('FKM','Fakultas Kesehatan Masyarakat'),('FT','Fakultas Teknik');

/*Table structure for table `geo_kotakab` */

DROP TABLE IF EXISTS `geo_kotakab`;

CREATE TABLE `geo_kotakab` (
  `id` int(5) NOT NULL AUTO_INCREMENT,
  `propinsi_id` int(3) DEFAULT NULL,
  `nama_kota` varchar(100) CHARACTER SET latin1 DEFAULT NULL,
  PRIMARY KEY (`id`)
) ENGINE=MyISAM AUTO_INCREMENT=142 DEFAULT CHARSET=latin1 COLLATE=latin1_general_ci;

/*Data for the table `geo_kotakab` */

insert  into `geo_kotakab`(`id`,`propinsi_id`,`nama_kota`) values (1,19,'PANGKALAN BUN'),(2,12,'SEMARANG'),(3,9,'JAKARTA'),(4,13,'SURABAYA'),(5,20,'BANJARMASIN'),(6,18,'PONTIANAK'),(7,21,'BALIKPAPAN'),(8,19,'SAMPIT'),(9,18,'KETAPANG'),(10,21,'BERAU'),(11,27,'DEKAI'),(12,27,'JAYAPURA'),(13,27,'WAMENA'),(14,4,'NATUNA'),(15,18,'PUTUSIBAU'),(16,14,'JOGYAKARTA'),(17,21,'NUNUKAN'),(18,21,'TARAKAN'),(19,20,'KOTABARU'),(20,16,'MATARAM'),(21,26,'AMBON'),(22,4,'BATAM'),(23,2,'MEDAN'),(24,23,'PALU'),(25,24,'UJUNG PANDANG'),(26,6,'PALEMBANG'),(27,4,'PEKANBARU'),(28,19,'PALANGKARAYA'),(29,3,'PADANG'),(30,8,'BANDAR LAMPUNG'),(31,15,'DENPASAR'),(32,28,'TANJUNG PANDAN'),(33,28,'PANGKAL PINANG'),(34,4,'TANJUNG PINANG'),(35,26,'TERNATE'),(36,23,'LUWUK'),(37,22,'MANADO'),(38,7,'BENGKULU'),(39,5,'JAMBI'),(40,17,'KUPANG'),(41,22,'GORONTALO'),(42,27,'SORONG'),(43,12,'SOLO'),(44,29,'DILI'),(45,13,'MALANG'),(46,27,'MANOKWARI'),(47,25,'KENDARI'),(48,27,'MERAUKE'),(49,17,'WAINGAPU'),(50,17,'MAUMERE'),(51,29,'KUCHING'),(52,29,'SINGAPURA'),(53,29,'JEDDAH'),(54,29,'GUANGZHOU'),(55,29,'RIYADH'),(95,13,'JEMBER'),(58,11,'ANYER'),(111,0,'KUALALUMPUR'),(116,17,'LABUHAN BAJO'),(62,28,'BANGKA'),(63,11,'BANTEN'),(64,13,'BATU'),(65,12,'BATURADEN'),(66,9,'BEKASI'),(67,28,'BELITUNG'),(109,0,'BIAK'),(69,2,'BERASTAGI'),(70,13,'BANYUWANGI'),(117,0,'WANGI WANGI'),(107,27,'FAK FAK'),(124,12,'SALATIGA'),(74,26,'MALUKU TENGAH'),(78,4,'BINTAN'),(77,12,'PURWOKERTO'),(79,13,'BLITAR'),(80,10,'BOGOR'),(81,10,'BANDUNG'),(82,15,'BALI'),(83,13,'PROBOLINGGO'),(84,3,'BUKIT TINGGI'),(85,10,'CIKARANG'),(86,12,'CILACAP'),(87,10,'CIPANAS'),(88,10,'CIREBON'),(89,10,'DEPOK'),(90,4,'DUMAI'),(91,17,'FLORES'),(92,10,'GARUT'),(108,0,'KAIMANA'),(94,10,'INDRAMAYU'),(96,13,'KEDIRI'),(110,27,'TIMIKA'),(99,12,'KUDUS'),(100,10,'KUNINGAN'),(114,1,'BANDA'),(102,13,'LAMONGAN'),(103,16,'LOMBOK'),(104,12,'MAGELANG'),(105,24,'MAKASAR'),(118,0,'INTERNATIONAL'),(120,21,'SAMARINDA'),(121,30,'PENANG'),(122,30,'SUBANG'),(123,30,'JOHOR_BAHRU'),(125,24,'TORAJA'),(126,11,'TANGERANG'),(127,12,'WONOSOBO'),(128,10,'PUNCAK'),(129,10,'SUKABUMI'),(130,10,'PANGANDARAN'),(131,10,'PURWAKARTA'),(132,13,'PASURUAN'),(133,29,'BANGKOK'),(134,12,'jepara ()'),(135,17,'BIMA'),(136,17,'SUMBAWA'),(137,17,'ENDE'),(138,17,'RUTENG'),(139,17,'TAMBOLAKA'),(140,17,'LARANTUKA'),(141,17,'ALOR');

/*Table structure for table `geo_propinsi` */

DROP TABLE IF EXISTS `geo_propinsi`;

CREATE TABLE `geo_propinsi` (
  `id` int(3) NOT NULL AUTO_INCREMENT,
  `nama_propinsi` varchar(100) CHARACTER SET latin1 DEFAULT NULL,
  PRIMARY KEY (`id`)
) ENGINE=MyISAM AUTO_INCREMENT=31 DEFAULT CHARSET=latin1 COLLATE=latin1_general_ci;

/*Data for the table `geo_propinsi` */

insert  into `geo_propinsi`(`id`,`nama_propinsi`) values (1,'Aceh'),(2,'Sumatera Utara'),(3,'Sumatera Barat'),(4,'Riau'),(5,'Jambi'),(6,'Sumatera Selatan'),(7,'Bengkulu'),(8,'Lampung'),(9,'DKI Jakarta'),(10,'Jawa Barat'),(11,'Banten'),(12,'Jawa Tengah'),(13,'Jawa Timur'),(14,'D.I.Yogyakarta'),(15,'Bali'),(16,'Nusa Tenggara Barat'),(17,'Nusa Tenggara Timur'),(18,'Kalimantan Barat'),(19,'Kalimantan Tengah'),(20,'Kalimantan Selatan'),(21,'Kalimanatan Timur'),(22,'Sulawesi Utara'),(23,'Sulawesi Tengah'),(24,'Sulawesi Selatan'),(25,'Sulawesi Tenggara'),(26,'Maluku'),(27,'Irian Jaya'),(28,'Bangka Belitung'),(29,'Luar Negeri');

/*Table structure for table `grade` */

DROP TABLE IF EXISTS `grade`;

CREATE TABLE `grade` (
  `id` int(10) unsigned NOT NULL AUTO_INCREMENT,
  `nama` varchar(255) NOT NULL DEFAULT '',
  `bobot` decimal(18,2) NOT NULL DEFAULT '0.00',
  PRIMARY KEY (`id`)
) ENGINE=InnoDB AUTO_INCREMENT=10 DEFAULT CHARSET=latin1;

/*Data for the table `grade` */

insert  into `grade`(`id`,`nama`,`bobot`) values (1,'A','4.00'),(2,'A-','3.75'),(3,'B+','3.50'),(4,'B','3.00'),(5,'B-','2.75'),(6,'C+','2.50'),(7,'C','2.00'),(8,'C-','1.75'),(9,'D','1.00');

/*Table structure for table `jadwal_krs` */

DROP TABLE IF EXISTS `jadwal_krs`;

CREATE TABLE `jadwal_krs` (
  `id` int(10) unsigned NOT NULL DEFAULT '0',
  `matkul_dosen_id` int(10) unsigned NOT NULL DEFAULT '0',
  `penjadwalan_id` int(10) unsigned NOT NULL DEFAULT '0',
  PRIMARY KEY (`id`),
  KEY `matkul_dosen_id` (`matkul_dosen_id`),
  KEY `penjadwalan_id` (`penjadwalan_id`)
) ENGINE=InnoDB DEFAULT CHARSET=latin1;

/*Data for the table `jadwal_krs` */

insert  into `jadwal_krs`(`id`,`matkul_dosen_id`,`penjadwalan_id`) values (1,1,1),(2,2,2),(3,3,3),(4,4,4),(5,5,5),(6,6,6),(7,7,7),(8,8,8),(9,9,9),(10,10,10),(11,11,11),(12,12,12),(13,13,13),(14,14,14),(15,15,15),(16,16,16),(17,17,17),(18,18,18),(19,19,19),(20,20,20),(21,21,21),(22,22,22),(23,23,23),(24,24,24),(25,25,25),(26,26,26),(27,27,27),(28,28,28),(29,29,29),(30,30,328),(31,31,329);

/*Table structure for table `jadwal_mahasiswa` */

DROP TABLE IF EXISTS `jadwal_mahasiswa`;

CREATE TABLE `jadwal_mahasiswa` (
  `id` int(10) unsigned NOT NULL AUTO_INCREMENT,
  `kalendar_akademik_id` int(10) unsigned NOT NULL DEFAULT '0',
  `jadwal_krs_id` int(10) unsigned NOT NULL DEFAULT '0',
  `mahasiswa_id` int(10) unsigned NOT NULL DEFAULT '0',
  PRIMARY KEY (`id`),
  KEY `kalendar_akademik_id` (`kalendar_akademik_id`),
  KEY `jadwal_krs_id` (`jadwal_krs_id`),
  KEY `mahasiswa_id` (`mahasiswa_id`)
) ENGINE=InnoDB AUTO_INCREMENT=13 DEFAULT CHARSET=latin1;

/*Data for the table `jadwal_mahasiswa` */

insert  into `jadwal_mahasiswa`(`id`,`kalendar_akademik_id`,`jadwal_krs_id`,`mahasiswa_id`) values (1,3,11,3),(2,3,11,4),(3,3,11,5),(4,3,13,3),(5,3,13,4),(6,3,13,5),(7,3,30,1),(8,3,30,2),(9,3,30,6),(10,3,31,7),(11,3,31,8),(12,3,31,9);

/*Table structure for table `jenis_pendaftaran` */

DROP TABLE IF EXISTS `jenis_pendaftaran`;

CREATE TABLE `jenis_pendaftaran` (
  `id` int(10) unsigned NOT NULL AUTO_INCREMENT,
  `nama` varchar(255) DEFAULT '',
  PRIMARY KEY (`id`)
) ENGINE=InnoDB AUTO_INCREMENT=4 DEFAULT CHARSET=latin1;

/*Data for the table `jenis_pendaftaran` */

insert  into `jenis_pendaftaran`(`id`,`nama`) values (1,'PMDK'),(2,'Transfer'),(3,'Reguler');

/*Table structure for table `jenjang_pendidikan` */

DROP TABLE IF EXISTS `jenjang_pendidikan`;

CREATE TABLE `jenjang_pendidikan` (
  `id` int(3) NOT NULL AUTO_INCREMENT,
  `jenjang_pendidikan` varchar(255) DEFAULT NULL,
  PRIMARY KEY (`id`)
) ENGINE=InnoDB AUTO_INCREMENT=5 DEFAULT CHARSET=latin1;

/*Data for the table `jenjang_pendidikan` */

insert  into `jenjang_pendidikan`(`id`,`jenjang_pendidikan`) values (1,'SMA'),(2,'MA'),(3,'SMK'),(4,'Paket C');

/*Table structure for table `kalendar_akademik` */

DROP TABLE IF EXISTS `kalendar_akademik`;

CREATE TABLE `kalendar_akademik` (
  `id` int(10) unsigned NOT NULL AUTO_INCREMENT,
  `fakultas_kode` char(5) NOT NULL DEFAULT '',
  `programstudi_kode` char(10) NOT NULL DEFAULT '',
  `semester` enum('genap','ganjil') NOT NULL,
  `tahun_akademik` year(4) NOT NULL DEFAULT '0000',
  PRIMARY KEY (`id`),
  KEY `fakultas_kode` (`fakultas_kode`),
  KEY `programstudi_kode` (`programstudi_kode`)
) ENGINE=InnoDB AUTO_INCREMENT=10 DEFAULT CHARSET=latin1;

/*Data for the table `kalendar_akademik` */

insert  into `kalendar_akademik`(`id`,`fakultas_kode`,`programstudi_kode`,`semester`,`tahun_akademik`) values (2,'FE','FE-MA','genap',2014),(3,'FIK','FIK-TI','ganjil',2013),(5,'FE','FE-MA','ganjil',2013),(6,'FIK','FIK-SI','genap',2014),(7,'FIK','FIK-SI','ganjil',2013),(8,'FT','FT-E','genap',2014),(9,'FT','FT-E','ganjil',2013);

/*Table structure for table `kalendar_informasi` */

DROP TABLE IF EXISTS `kalendar_informasi`;

CREATE TABLE `kalendar_informasi` (
  `id` int(10) unsigned NOT NULL AUTO_INCREMENT,
  `kalendar_akademik_id` int(10) unsigned NOT NULL DEFAULT '0',
  `tgl_kegiatan_start` date NOT NULL DEFAULT '0000-00-00',
  `tgl_kegiatan_end` date NOT NULL DEFAULT '0000-00-00',
  `judul` varchar(255) DEFAULT '',
  `deskripsi` text,
  `karyawan_id` int(10) unsigned NOT NULL DEFAULT '0',
  PRIMARY KEY (`id`),
  KEY `kalendar_akademik_id` (`kalendar_akademik_id`),
  KEY `kalendar_akademik_id_2` (`kalendar_akademik_id`),
  KEY `karyawan_id` (`karyawan_id`)
) ENGINE=InnoDB AUTO_INCREMENT=35 DEFAULT CHARSET=latin1;

/*Data for the table `kalendar_informasi` */

insert  into `kalendar_informasi`(`id`,`kalendar_akademik_id`,`tgl_kegiatan_start`,`tgl_kegiatan_end`,`judul`,`deskripsi`,`karyawan_id`) values (3,5,'2013-09-09','2013-09-13','minggu pertama kuliah','awal perkuliahan semester ganjil',2),(4,5,'2013-07-29','2013-08-23','Pembayaran Uang kuliah Pokok','BAAK',2),(5,5,'2013-08-19','2013-09-06','     Konsultasi & Verifikasi KRS Mahasiswa','Perwalian',2),(7,5,'2013-08-26','2013-09-06','Permohonan Izin Cuti Akademik','Dekanat / Fakultas',2),(9,5,'2013-09-02','2013-09-06','OSPEK mahasiswa baru','Pengenalan Kampus, dll.',2),(10,5,'2013-09-09','2013-11-04','Perkuliahan 1','Setengah semester ganjil pertama',2),(11,5,'2013-11-04','2013-11-15','Ujian Tengah Semester (UTS)','Ujian tengah semester ganjil',2),(12,5,'2013-11-18','2014-01-03','Perkuliahan 2','Setengah semester kedua semester ganjil',2),(13,5,'2014-01-13','2014-01-24','Ujian Akhir Semester (UAS)','UAS semester Ganjil',2),(14,5,'2014-01-31','2014-01-31','Pengumuman hasil UAS','Pengumuman hasil semester ganjil',2),(15,9,'2013-07-29','2013-08-16','Pembayaran Uang kuliah Pokok','BAAK',2),(16,9,'2013-08-12','2013-08-30','Konsultasi & Verifikasi KRS Mahasiswa','Perwalian',2),(17,9,'2013-08-19','2013-09-06','Permohonan Izin Cuti Akademik','Dekanat / Fakultas',2),(18,9,'2013-08-26','2013-08-30','OSPEK mahasiswa baru','Adaptasi bagi mahasiswa baru',2),(19,9,'2013-09-02','2013-10-25','Perkuliahan 1','Kuliah awal setengah semester ganjil',2),(20,9,'2013-10-28','2013-11-08','Ujian Tengah Semester (UTS)','UTS semester ganjil',2),(21,9,'2013-11-11','2013-12-27','Perkuliahan 2','Kuliah kedua setengah semester ganjil',2),(22,9,'2013-11-22','2013-11-22','Wisuda Periode 52','Wisuda bagi lulusan sebelum November 2013',2),(23,9,'2013-12-30','2014-01-03','Perkuliahan tambahan','Kuliah pengganti hari libur',2),(24,5,'2014-01-06','2014-01-10','Kuliah tambahan','Kuliah pengganti hari libur',2),(25,9,'2014-01-06','2014-01-17','Ujian Akhir Semester (UAS)','UAS semester ganjil',2),(26,9,'2014-01-22','2014-01-22','Pengumuman hasil UAS ','Pengumuman hasil semester ganjil',2),(27,2,'2014-01-27','2014-02-14','Pembayaran Uang kuliah Pokok','BAAK',2),(28,2,'2014-02-10','2014-03-07','Pengajuan Cuti Kuliah','Dekanat/Fakultas',2),(29,2,'2014-02-17','2014-02-28','Konsultasi & Verifikasi KRS Mahasiswa','Perwalian',2),(30,2,'2014-03-03','2015-04-24','Perkuliahan 1','Perkulian tengah semester pertama',2),(31,2,'2014-03-31','2014-04-18','Pembayaran Uang SKS','BAAK',2),(32,2,'2014-04-07','2014-04-18','Wisuda Periode 53','Pendaftaran di Fakultas',2),(33,2,'2014-04-28','2014-05-09','Ujian Tengah Semester (UTS)','UTS semester genap',2),(34,2,'2014-05-12','2014-06-30','Perkuliahan 2','Perkuliahan tengah 2 semester genap',2);

/*Table structure for table `karyawan` */

DROP TABLE IF EXISTS `karyawan`;

CREATE TABLE `karyawan` (
  `id` int(10) unsigned NOT NULL AUTO_INCREMENT,
  `nama` varchar(255) NOT NULL DEFAULT '',
  `alamat` text,
  `telp` char(20) DEFAULT '',
  `jenis_kelamin` enum('L','P') NOT NULL,
  PRIMARY KEY (`id`),
  KEY `jenis_kelamin_id` (`jenis_kelamin`)
) ENGINE=InnoDB AUTO_INCREMENT=1314 DEFAULT CHARSET=latin1;

/*Data for the table `karyawan` */

insert  into `karyawan`(`id`,`nama`,`alamat`,`telp`,`jenis_kelamin`) values (1,'Timen Chad','semarang','81326645702','L'),(2,'Abdam Cahaya Hati','ngalian','8882224444','L'),(3,'Budi Susanto','semarang','81325551234','L'),(4,'Arya Maulana','Semarang','2670552831','L'),(5,'Edi Noersasongko','JL. PAPANDAYAN BLOK HD-2                   ','','L'),(6,'St. Dwiarso Utomo','   JL. GUSTI PUTRI 2/11                                                                            ','0246714389','L'),(7,'Sudaryanto','Perum Bukit Sukorejo Blok C-4','','L'),(8,'Aris Nurhindarto','JL. PANDANWANGI SELATAN A-74 PERUM. GEMAH SENTOSA                                                                                          ','-','L'),(9,'Abdul Syukur','KARANGREJO RT 001 RW 002                                       ','','L'),(10,'Dwi Eko Waluyo','JL. PAMULARSIH BUNTU 18                                                      ','0247610310','L'),(11,'ACHMAD JUPRI','                                                ','','L'),(12,'Agus Prayitno','JL. TELAGA G-71 PAYUNGMAS                                                       ','0247476859','L'),(13,'Ariati Anomsari','JL.NAKULA 1/ 25-27 RT 004 RW 002                                                            ','0243565207','L'),(14,'Florentina Esti Nilawati','RATU RATIH IV / 26 RT 00 RW 020                                                            ','0246715512','L'),(15,'Yuniarsi Rahayu','SEKAR SURAKARTA','','L'),(16,'Anna Sumaryati','                                                      ','','L'),(17,'Kusni Ingsih','JL BUKIT SERUNI BLOK A/51 ET 005 RW 019                                                        ','','L'),(18,'Dian Retno Sawitri','JL GUNUNG JATI UTARA IV/204, SEMARANG','02486611135','L'),(19,'Sasono Wibowo','JL.NOROYONO 39 RT 001 RW 001                                                            ','0243568334','L'),(20,'Yohan Wismantoro','JL. HILIR BLOK G-22 PAYUNG MAS, PUDAK PAYUNG, SEMARANG                              ','','L'),(21,'Edy Mulyanto',' PERUM KORPRI KALICARI NO. 28                                                 ','0246732878','L'),(22,'Zaenal Arifin','ELANG SARI TIMUR NO 12 MANGUN HARJO                              ','','L'),(23,'Ngatindriatun','JL DIPONEGORO NO 32 A RT 001 RW 010                                             ','0248315395','L'),(24,'YUVENTIUS TYAS CATUR PRAMUDI','BUKIT SERUNI I NO. 50 BUKIT SENDANG MULYO                                               ','02476742691','L'),(25,'Erlin Dolphina','JL.MUARA UTAMA G-4 PAYUNG MAS RT 005 RW 010                                                           ','','L'),(26,'Heru Pramono Hadi','JL. PLAMONGAN ASRI 253 RT 03 RW 09                                        ','02476725666','L'),(27,'Purwanto','                                                ','','L'),(28,'Sunardi','JL. BOROBUDUR SELATAN III NO. 10 SEMARANG                                        ','','L'),(29,'Mohamad Sidiq','JL.BOROBUDUR RAYA NO.11 RT 004 RW 008                                                                              ','0247621591','L'),(30,'Aris Marjuni','                                    ','','L'),(31,'Edi Faisal','Jl. Puri Utama II (D1-14 ) Banyumanik Semarang                                                            ','','L'),(32,'Setia Astuti',' Banteng Utara IV no 6                                             ','0246711917','L'),(33,'Achmad Wahid Kurniawan','DUKUH BENDAN REJO NO 21 RT 006 RW 001                                                                                                      ','0247615569','L'),(34,'Arifin','PONDOK MAJAPAHIT I BLOK B NO. 24 MRANGGEN - DEMAK                                       ','','L'),(35,'Ayu Pertiwi','SINAR SAWUNGGALING A 7                                            ','--','L'),(36,'Fikri Budiman','BUKIT DIPONEGORO BLOK B- 205 RT 002 RW 008                                                                    ','','L'),(37,'Suharnawi','JL KAWI RT 001 RW 005                                    ','','L'),(38,'Dian Prawitasari','Jl. Mangga no 18 Kuncen Baru Ungaran','','L'),(39,'Mahmud','Jl. Perum Taman Bukit Asri BF 104 RT 06 RW 07 Semarang                                                      ','02474080831','L'),(40,'Retno Indah Hernawati','GEDAWANG PERMAI A-11 RT 002 RW 004                                              ','0247460849','L'),(41,'Candra Irawan','PERUM GRIYA LESTARI A-3/7 RT 04 RW 04                                                                                                              ','0248662764','L'),(42,'M. Arief Soeleman','JL. Gendong Selatan 1193                                                                   ','02476742427','L'),(43,'Muslih','PATEMON RT.01 RW.03                                                ','','L'),(44,'Nova Rijati','JL. BUKIT LIMAU V F4 NO.10\nBUKIT PERMATA PURI \nNGALIYAN                                                      ','02476633504','L'),(45,'T. Sutojo','JL.PUCANG ANOM V/ 12 RT 008 RW 018                                                            ','','L'),(46,'Heru Lestiawan','Jl. Bukit Beringin Timur E.79 Rt.3/10 Ngaliyan                                                ','','L'),(47,'Usman Sudibyo','JL. BUKIT TERATAI I NO. 40                                                        ','02470945620','L'),(48,'A. Zainul Fanani','PERUM GRAHA WAHID CLUSTER MALIBU BLOK G NO. 3B SEMARANG                                            ','','L'),(49,'Bowo Nurhadiono','BLOK D22 NO 15 PERUMAHAN PLAMONGAN INDAH SEMARANG                                                      ','','L'),(50,'Heribertus Himawan','JL BUKIT SERUNI I NO 46 PERUMNAS BUKIT SENDANG MULYO BLOK A                                                ','02476742207','L'),(51,'Muljono','JL. CITANDUI I NO. 16 \nRT 03 RW 04\n                                          ','0243581008','L'),(52,'Hudhi Setiyono','DK JAMBEAN RT 03 RW 02                                       ','','L'),(53,'Budi Harjo','TLOGOSARI WETAN RT. 3 RW. III  \n                                                                 ','','L'),(54,'Budi Widjajanto','                                                                                                ','','L'),(55,'Achmad Basari','JL.MENOREH UTARA III NO 2 RT 007 RW 001                                          ','','L'),(56,'Zaenal Sugiyanto','JL. CANDI MUTIARA TIMUR IV 1359-1360 RT 012 RW 006                                              ','0247626430','L'),(57,'Ag. Cahyono W.','JL.MANGGA V / 2 RT 07 RW 04                                        ','0248316082','L'),(58,'Noor Ageng S.','DK DERMOYO, RT 001/RW 001, CENGKALSEWU                                                  ','-','L'),(59,'Agus Winarno','JL.PANDANWANGI SELATAN A-77 RT 010 RW 003                                                                  ','','L'),(60,'Lalang Erawan','PLAMONGAN INDAG BLOK E5 NO. 53                                                    ','','L'),(61,'Solichul Huda','                                          ','','L'),(62,'Erna Zuni Astuti','BETENG RT 002 RW 001                                                       ','','L'),(63,'Acun Kardianawati','SRIKANDI RAYA 404                                                ','','L'),(64,'Ida Farida','Sinar Permata No. 585','','L'),(65,'Pujiono','Tembalang RT 02 RW 01 Gang Iwenisari                                           ','','L'),(66,'Siti Hadiati Nugraheni','                                          ','','L'),(67,'Sripurwani Hariningsih','','','L'),(68,'Feri Agustina','Jl. Bukit Beringin Beringin C-155 ','0248663392','L'),(69,'Sri Winarno','JL PUCANG ARGO BARAT RAYA 14 RT 005 RW 025                                                                                                ','02476727884','L'),(70,'Elkaf Rahmawan P.','SEMARANG','','L'),(71,'Suprayogi','TANDANG IJEN RT 012 RW 011                                          ','','L'),(72,'Retno Astuti Setijaningsih','PERUM KLIPANG PESONA ASRI I NO 22 RT 004 RW 017                                                    ','0246719930','L'),(73,'Supriyono Asfawi','JL. KETIELNG INDAH UTARA IV/13 SEMARANG                                    ','0246734303','L'),(74,'MY. Teguh Sulistyono','PREUM BUKIT SUKOREJO C-17 RT 004 RW 010                                                                ','','L'),(75,'Karis Widyatmoko','PENCIL RT 09 RW 04                                                 ','0246704165','L'),(76,'Dewi Agustini Santoso',' Jl. Jagalan Barat 538 Semarang                                                                   ','081','L'),(77,'Amiq Fahmi','JL. RAYA PENGGARON KIDUL NO. 49                                                                                        ','0246707373','L'),(78,'Etika Kartikadarma','JL. JODIPATI TIMUR NO 29                                                                                                              ','0247604231','L'),(79,'Heru Agus Santoso','                                                ','','L'),(80,'Wellia Shinta Sari','JL.LESANPURO DALAM NO 06 RT 003 RW 010                                                                                         ','','L'),(81,'Arif Kurniadi','JL.EMERALD JAYA BLOK A-45 RT 001/RW 023\n                                    ','02470140061','L'),(82,'Massudi Suwandi','Jl Hos.Cokroaminoto I No.46                             ','','L'),(83,'Natalistyo T.A.H','JALAN TEGALSARI BARAT 3/111 RT 04 RW 11                                  ','','L'),(84,'Eni Mahawati','JL. KAUMAN RAYA NO.50 RT 006 RW 008                                             ','02470797266','L'),(85,'Sugiyanto','JL. ANGGREK III NO. 2 PERUM. PANJANG RT 01 RW 02                                                                    ','','L'),(86,'Rindra Yusianto','PERUM TUGU ASRI BLOK A NO 16                ','02476586449','L'),(87,'L.Budi Handoko','JL. RODEO I BLOK A1 NO. 21, KAMPOENG HOLLYWOOD, PERUM TAMAN BUKIT HIJAU                                ','02470984522','L'),(88,'Juli Ratnawati','JL. RASAMALA III/ 413 RT 007 RW 006                                                      ','','L'),(89,'Wisnu Adi Prasetyanto','JL. SRI REJEKI DALAM RAYA NO. 22                                               ','0247602809','L'),(90,'Sumardi','                                                                  ','','L'),(91,'Lilik Eko Nuryanto','JL.KELAPA SAWIT IV A/ 511 RT 003 RW 007 Perumahan Plamongan Indah                                  ','0246722941','L'),(92,'Sri Oemiati','JL. TANGGULREJO NO 1684 RT 010 RW008                              ','','L'),(93,'Suhariyanto','SEKARJAGAD III NO. 12 TLOGOSARI                                                ','0246707076','L'),(94,'MG.Catur Yuantari','JL. TAWANGSARI NO 29-28 RT 08 RW 01                                          ','0243557537','L'),(95,'Andi Hallang Lewa','JL. PLAMONGAN INDAH BLOK D-22 NO.19 RT.014 RW.027                          ','','L'),(96,'Haryati Sulistyorini','JL ADURRAHMAN SALEH 110 RT 005 RW 003                                 ','024-7607206','L'),(97,'Sri Mulatsih','         JL. MUTIARA RAYA NO. 19 PERUM INTAN SEMARANG                   ','0246700207','L'),(98,'Eko Hartini','JL.SENTIAKI TENGAH I NO 10 RT 005 RW 007                                          ','','L'),(99,'Enny Rachmani','JL. PONCOWOLO TIMUR II NO 309                                                    ','0243512144','L'),(100,'Eti Rimawati','JL.BUKIT KELAPA KOPYOR XI/B1 NO.21 BUKIT KENCANA JAYA                      ','','L'),(101,'Nurjanah','JL. BOROBUDUR TIMUR VIII RT 03 RW VIII                             ','02440116202','L'),(102,'Affandi','                                          ','','L'),(103,'Guruh Taufan Hariyadi','Jl. Nakula 1/27','0858676662075','L'),(104,'Yulita Setiawanta','JL. TOTEM V BLOK. B10 NO. 16 ','','L'),(105,'Yupie Kusumawati','JL.SURTIKANTI IV / 1','','L'),(106,'Akhmad Saifudin','JALAN BULUSTALAN IV NO 425                                    ','0243563660','L'),(107,'Budi Santoso','KRAJAN I RT 001 RW 002                                          ','','L'),(108,'Muhamad Rifqi','JL. BUKIT CEMARA INDAH V/ CD 44\nRT 4/XIII BUKIT KENCANA JAYA                                    ','0247477244','L'),(109,'Ajib Susanto','PONDOK MOJOPAHIT I B.13                                                                   ','02476728033','L'),(110,'Kriswiharsi Kun S.','JL.NGABLAK RT 008 RW 004                                                                   ','0246594087','L'),(111,'Yuliman Purwanto','JL. MERBABU UTARA DALAM I/64 KEL. PADANGSARI KEC. BANYUMANIK SEMARANG 50267','0247473041','L'),(112,'Ifan Rizqa','JL. TMN. SRI REJEKI SELATAN DALAM VIII NO:32 RT 05/IV','02476637159','L'),(113,'Ruri Suko Basuki','JL. PADI RAYA, BLOK I, NO.3, PERUMAHAN GENUK INDAH SEMARANG                     ','0246593503','L'),(114,'Sari Wijayanti','JL. KARANGREJO GG 1 NO 11\nRT 01 RW III                                    ','02476480038','L'),(115,'Sarif Syamsu Rizal','JL. KELAPA KOPYOR X/ B3-18                                  ','085727633673','L'),(116,'Tri Mulyani Wahyuningsih','NGRENI RT 04 RW 02                              ','','L'),(117,'DESSY ARIANI','      ','','L'),(118,'Vincent Suhartono','KUMUDASMORO DALAM IV NO 13A RT02/RW05 SEMARANG','02476630470','L'),(119,'Suharyo','PATEMON RT IV RW I Gunung Pati                 ','08122562818','L'),(120,'BAYU ARYANTO',' JATISARI RT 001 RW 002                                         ','','L'),(121,'Irma Winingsih','PONCOWOLO BARAT II/ 628 RT 008 RW 006                                    ','','L'),(122,'ROY CAHYO PUTRANTO','JL. SUNAN MURIA NO. 3 \nPERUM. IAIN WALISONGO                          ','0247601381','L'),(123,'Mohammad Ary Heryanto','SEROJA TIMUR NO. 1\nSEMARANG                                              ','0248411134','L'),(124,'Ibnu Utomo W.M.','JL. PEDURUNGAN BARU III / 110 RT011 RW 009                                                ','0246721111','L'),(125,'Ira Septriana','Candisari rt 003/rw 004','','L'),(126,'Neni Kurniawati','JL.MANDALA NO 39 RT 01 RW 02                                           ','','L'),(127,'Hertiana Ikasari','JL. PURWOYOSO II NO.25                                         ','0247613962','L'),(128,'Dwi Nurul Izzhati','JL. BIMA II / 41 R 003 RW 001                                                     ','','L'),(129,'Dyah Ernawaty','JL. KUKILO MUKTI SELATAN I NO 154 RT 006 RW 002                                                      ','0246711853','L'),(130,'Jaka Prasetya','Jl.Kelapa Kopyor IX B2 No.3 RT:06, RW:14 Bukit Kencana Jaya                   ','02491086987','L'),(131,'Lakshiputri Arnindita ','                  ','','L'),(132,'Pulung Nurtantio Andono','JL.DURIAN RAYA NO 39 RT 007 RW 001                                              ','','L'),(133,'Herwin Suprijono','Seroja Timur No 1 Rt 001/Rw 001         ','','L'),(134,'Andik Setyono','                                                ','','L'),(135,'Nila Tristiarini','                 JL. WONODRI BARU NO. 48                                                     ','0248414541','L'),(136,'Ratih Setyaningrum','JL MAHESA MUKTI A 36 PEDURUNGAN SEMARANG','','L'),(137,'Ngurah Pandji Mertha A.D.','JL. KEBON INDAH I NO.8\nPERUM PUCANG GADING                              ','02470408050','L'),(138,'Bambang Minarso','Jl Manggar No. 8                                    ','','L'),(139,'Tita Talitha','JL. NGALIYAN INDAH BLOK K-9\nSEMARANG                                    ','','L'),(140,'MUHAMMAD TAUFIK','                                                      ','','L'),(141,'Muh Ariffudin Islam','                                                ','','L'),(142,'OKI REGANOTO','JL.TALANG SARI II/ NO 6 RT 002 RW 001                        ','','L'),(143,'Ririh Dian Pratiwi','JL. KALIPEPE III RT 004 RW 0-001                                                      ','','L'),(144,'EDI SUGIARTO','GENUK SARI RT 02 RW 08                           ','','L'),(145,'Wijanarto','NAGAN LOR 33A                                                      ','','L'),(146,'Setyo Prasiyanto Cahyono',' PANDANSARI RT 005 RW 001                                   ','','L'),(147,'Desi Purwanti Kusumaningrum','JL. GATOT SUROTO 14 A RT 02 RW 06                                                      ','','L'),(148,'Slamet Sudaryanto N.','KLIPANG PESONA ASRI 3 BLOK B NO. 2 RT 08 RW 28 KLIPANG - SENDANG MULYO\nKEC. TEMBALANG - SEMARANG                                                    ','','L'),(149,'Lisa Mardiana','Jl. Sinar Puspita No.514A Perum Sinar Waluyo Semarang                                    ','02470414997','L'),(150,'Hanny Haryanto','JL. R SUPRAPTO 73                                     ','','L'),(151,'Umi Rosyidah','JL. Gading Raya, Ampel GAding  KEl.Kalisegoro ( perum Gading permai No.11) Gunung Pati Semarang                                             ','','L'),(152,'LUK LUK LUHURING S.','                                          ','','L'),(153,'Sendi Novianto','DUSUN NGULARAN RT01 RW 09                                            ','02470109913','L'),(154,'Putut Aji Pusara','JL.PEKUNDEN UTARA 549-A RT 005 RW 002                                                 ','','L'),(155,'Sarju',' JL. BUKIT KELAPA KOPYOR II BN 03 RT 4 RW XIV BUKIT KENCANA JAYA                          ','081225100119','L'),(156,'Wiwik Sulistyorini','Bukit Kelapa Kopyor II/BN-04','0247477050','L'),(157,'RINTO YULIANTORO','BUKIT TERATAI XI / 377 RT 002 RW 019                       ','','L'),(158,'Bambang Haryanto','BUKIT KELAPA KOPYOR II/ BN-04 RT 004 RW 014            ','','L'),(159,'ABDUL KADIR','                  ','','L'),(160,'Sudaryono','JL. RANDUSARI POS II NO.370 RT 002 RW 002                                    ','','L'),(161,'AGUS UTOMO','KINTELAN 179 -B RT 001 RW 002                  ','','L'),(162,'Rita Wulandari','JL. GAJAH TIMUR DALAM I / 9-R RT 013 RW 008                              ','0246735948','L'),(163,'Bukit Muriawan','      Plamongan Indah Blok H.2 No. 19-20','0246746770','L'),(164,'CARWATI','JL. PLAMONGAN HIJAU NO. 36 RT  004 RW 008                  ','','L'),(165,'Lina Yulianti','JL BAKTI II BLOK A / 29 RT 002 RW 010                              ','02486457214','L'),(166,'ENDANG PRIHATININGSIH','JANGLI TLAWAH TR 002 RW 002                       ','','L'),(167,'Yohanes Yuniarso','JL BUKIT II BLOK A / 29 RT 002 RW 010                              ','','L'),(168,'Roni Poniman','            Kalilangse Rt.06 Rw.03','','L'),(169,'Rudi Harjana','RUMPUN DIPONEGORO 76 RT 03 RW 07                         ','','L'),(170,'Nuryahya','JL JATIKUSUMAN I RT 007 RW 003                              ','','L'),(171,'Retno Daruningsih','JL PUSPOWARNO VIII / 8 RT 004 RW 003                        ','0247605508','L'),(172,'RAYMON','            ','','L'),(173,'Hartini','PUSPONJOLO TIMUR VII / 1 RT 002 RW 001             ','','L'),(174,'Tugini','GRAHA BERINGIN MAS SELATAN I NO.33 RT 001 RW 011            ','','L'),(175,'Achmintarto','JL.PAPANDAYAN NO 44 RT 006 RW 002                        ','','L'),(176,'ELINTON SIHITE',' JL. BETON MAS I / 246 RT 005 RW 007                 ','','L'),(177,'TOTOK SUBIYANTO','            ','','L'),(178,'Yunita','JL.DEWISARTIKA IV/ 26 RT 003 RW 004                        ','0248445377','L'),(179,'Sardi','BANYUMANIK BARAT RT 001 RW 004                       ','','L'),(180,'Asih Rohmani','PERUM KORPRI TUGUREJO T.27 NO.74 RT. 3 RW. 5                                    ','0247623525','L'),(181,'Sayekti Afriani','PONCOWOLO BARAT V/ 648-C RT 004 RW 006                     ','','L'),(182,'Budi Santosa','PONCOWOLO BARAT V/ 548 RT 004 RW 006                        ','','L'),(183,'Henry Bastian','JL. KENCONOWUNGU TIMUR I NO.7                                ','0247607084','L'),(184,'Saryana','GENUKSARI ATAS 24 RT 005 RW 009                  ','','L'),(185,'MAYA RIANA SARI','JL.DINARMAS UTARA I / 74                  ','02476482850','L'),(186,'MUJIHARTO','            ','','L'),(187,'Erna Sugiharti','WONOSARI RT 005 RW 010                 ','','L'),(188,'Hariyanto','GRAHA BERINGIN MAS SELATAN I NO.33 RT.001 RW 011                ','','L'),(189,'Ida Nuryani','JL.DEWI SARTIKA RAYA 100 RT 002 RW 004                  ','','L'),(190,'KARTINI YUNANINGRAT','                  ','','L'),(191,'A. HERRY PRAMONO','JATISARI PERMAI BLOK A-10/23 RT 005 RW 009                 ','','L'),(192,'Gati Murniati','KLIPANG BLOK Z XVII N0 2 RT 008 RW 003                  ','02491149615','L'),(193,'FUADI','            ','','L'),(194,'Agung Wardoyo','JL.WOLOGITO TENGAH RT 004 RW 007 No.46                               ','02476635101','L'),(195,'Dyah Widyasari','TAMAN MENOREH UTARA NO.4  RT 14 RW 001                  ','0248509786','L'),(196,'SRI MULYONO','JL.KUMUDASMORO DALA IV RT 002 RW 005                  ','','L'),(197,'Ibnu Saad','Kedungsuren, Rt:003 / Rw:010 ','','L'),(198,'IKA SUPRIHATIN','            ','','L'),(199,'Suparwo','Kebonarum utara  No.26 perumahan kebon batur mranggen,demak','','L'),(200,'R. Ahmad Dhanu H','JL. PUCANG ASRI X  No. 15                          RT 005  RW 012          ','','L'),(201,'Tristiyani','BOROBUDUR SELATAN III RT 003 RW 013                       ','','L'),(202,'Wahyu Handayani','JL.CANDI MAS RAYA NO.31 RT 001 RW 007                        ','','L'),(203,'Sabar Imam Santoso','                        ','','L'),(204,'Sugito','PURWOSARI IB / NO.31 RT 004 RW 007                ','0243559592','L'),(205,'Cahaya Jatmoko','JL MAGERSARI II/ 3 RT 003 RW 005                                  ','','L'),(206,'Suroso','JL. LEMPUYANG II / 506\nRT.11 / RW. 08 SEMARANG\n                        ','0246706375','L'),(207,'Siti Aminah','TAMBAK AJI RT 013 RW 012                  ','','L'),(208,'ADI HERIYANTO','Perum PKS Blok B/293 rt01/012','','L'),(209,'Ratri Ismaningtyas','JL. TAMBAK MAS 2 / 64 RT 002 RW 006                                ','','L'),(210,'SLAMET MOERTANTO','JL.SRIWIJAYA NO.79-A RT 003 RW 004                  ','','L'),(211,'EDY SETYONO','Jl. HOS Cokroaminoto Kp. Ngablak No.592','02491181180','L'),(212,'Pujo Hartono','TAWANGSARI II RT 002 RW 001                              ','','L'),(213,'Daurat Sinaga','JL. DR. CIPTO NO 64B','02470236933','L'),(214,'NURHADI','KP. NGABLAK RT 02 RW 01                        ','','L'),(215,'Agata Sadanareswari','JL.TAMAN LIMAN MUKTI II NO. 399 RT003 RW 006                        ','','L'),(216,'Aries Setiawan','PERUMAHAN. BUKIT MANYARAN PERMAI BLOK \nE. NO 15   SEMARANG                        ','','L'),(217,'ARIFIN','KP PENTUL KARANGREJO BARAT RT.05 RW.02                                   ','','L'),(218,'Astrid Wijayanto','JL. R.A. MLATI RT.02 RW.01                                    ','02470240110','L'),(219,'IMAM RAHMAYADI','BRUMBUNGAN  DUKUH NO.5 RT 005 RW 004                ','','L'),(220,'PURNOMO','BUMI WANA MUKTI J3/4                        ','','L'),(221,'Dwi Hermawan Novianto','ROGOJEMBANGAN TIMUR RT 001 RW 005                               ','','L'),(222,'Setyo Budi','JL. DINAR MAS UTARAI NO. 72 RT 001 RW 019                   ','02476482854','L'),(223,'Ali Wardana','JL.GAJAH TIMUR DALAM NO.44                  ','','L'),(224,'KASIYANTO','JL BUKIT ELOK RAYA NO.330 RT 012 RW 014                 ','','L'),(225,'M. SLAMET','JL.LEMBAYUNG I RT 002 RW 004                           ','','L'),(226,'NOER BAMBANG TJARITO','Kradenan Lama','','L'),(227,'Tauchid','JL.BUKIT BERINGIN UTARA BLOK D.205                  ','','L'),(228,'Valentina Dwi K','DURIAN 1/ 2A RT 004 RW 001                ','','L'),(229,'BAMBANG MUHYANTO','DSN MUNDU RT 006 RW 004               ','','L'),(230,'Urip Sarwono','            ','','L'),(231,'Cicik Harini','JL.SRI REJEKI III / 37 RT 001 RW 002                        ','0247619337','L'),(232,'Gedion Mangun Kestiyoso','Jl. Lamper Tengah Raya 561 B-C, Semarang','02470174851','L'),(233,'MARYANTO','      ','','L'),(234,'Idi Alwanto','JL. JATI UTARA NO.6 BANYUMANIK-SEMARANG\n            ','02470796393','L'),(235,'Retno Wulandari','JL.PUNTODEWO RT 002 RW 002                        ','','L'),(236,'Sedik Waskito','SANINTEN BARAT IV / 146 RT 007 RW 017                        ','','L'),(237,'Siti Retnani Juwariyah','KETILENG INDAH UTARA IV NO.13 RT 006 RW 011                      ','','L'),(238,'Karni Hanani','                        ','','L'),(239,'Sutarno',' JL.IMAM BOHJOL 169 RT 007 RW 002                       ','','L'),(240,'Agustina Sri H.','ASRAMA TINI AD MRICAN RT 004 RW 015                              ','','L'),(241,'Dedi Joko Purnomo','JATISARI PERMAI BLOK A11 / 19 RT 007 RW 009                                                ','','L'),(242,'Sri Sumarni','JL.CAMAR BARU NO 1 RT 001 RW 003                  ','','L'),(243,'Siswanto','            ','','L'),(244,'Tri Agus Pramono','JL.PAMULARSIH BARAT I / 7 RT 002 RW 009                   ','0247614061','L'),(245,'R.ACHMAD SURYANTO','    DEMPEL SARI   R.T 004  R.W   022    ','','L'),(246,'Wawan Tri Purnomo','JL.GEMAHSARI XII/ 324 RT 004 RW 004                                               ','','L'),(247,'Iwan Prasetyo','JL.CONDROKUSUMO NO.28 RT 001 RW 003                  ','','L'),(248,'Vita Vitriasari','JL. MIRADELIMA 8 RT 002 RW 003                                ','','L'),(249,'Dwi Feri Febriyanto','KP. Sanggung Timur RT 003 RW 006','02433178810','L'),(250,'Khafizh Hastuti','JL.TAMAN BOROBUDUR TIMUR RT 008 RW 010             ','','L'),(251,'Kustanti','BANYUMANIK BARAT RT 001 RW 004                        ','','L'),(252,'D. Susi Wibawanti ',' PANJANG LOR RT 005 RW 002                                         ','0298591826','L'),(253,'Soetoro','DINAS MAS UTARA III NO. 22 PERUM DINAR MAS SEMARANG            ','02491015340','L'),(254,'Agung Nugroho','BUGANGAN II / 255-B RT 004 RW 001                                          ','0243556551','L'),(255,'Asih Sri Lestari','PERUM KOPRI T-27 RT 005 RW 005                  ','','L'),(256,'YOSEF DARWANTO','      ','','L'),(257,'Helty Sri Kuntari','JL. LINTANG TRENGGONO IV / 46 RT 008 RW 018                                    ','','L'),(258,'Maria Anna T.L. ','JL.CANDI PAWON 2 NO 34 RT 013 RW 003                        ','','L'),(259,'AGUS WINARNO','JATISARI PERMAI B-12B /12B RT 011 RW009                               ','','L'),(260,'Arsitomo','JL.TAMAN DEWI SARTIKA NO 1 RT 002 RW 004                                    ','','L'),(261,'EDDY SUSANTO','    Kp.Kalipancur No.39 Rt.02/Rw.03      ','','L'),(262,'Ismadi Widaryanto','Jl. Cinde Utara I/8 Rt 011/Rw 006','','L'),(263,'Mutakin','JL.PONCOWOLO BARAT IV NO.600A SEMARANG','','L'),(264,'Salamun','TAWANG MAS BARU RT 005 RW 005                  ','','L'),(265,'Sapto Aji','JL.MERBAU SELATAN DALAM III/297 RT 001 RW 008                  ','','L'),(266,'Sutari Widodo','Bedas Utara 1/234 Rt. 002 Rw.002','','L'),(267,'Aprilyani Prihati','JL.TAMBRA DALAM RT 06 RW 09                        ','','L'),(268,'Riza Alamsyah',' PERBALAN PURWOSARI IV / 714 RT 006 RW 002                 ','','L'),(269,'Joko Priyono','JL. R.SUPRAPTO NO 115, KP. KATON SARI RT 001 RW 005                                                           ','','L'),(270,'H. ACHMAD SULCHAN','MURADI NO.78 RT 007 RW 007                       ','0247605751','L'),(271,'Abdussalam','JL. SENDANGGUWO RAYA NO.48\nRT 06/ RW 10                  ','','L'),(272,'Sri Dadi','JL. PLAMONGAN ELOK 4 / 543      ','0246713949','L'),(273,'Rusli','KEL.KALISEGORO  RT 004 RW 002                ','02470323185','L'),(274,'Ali Hamzawi','JL.DURIAN TIMUR 1146 RT 009 RW 001                       ','0248319148','L'),(275,'Adi Prihandono','JL.PUCANG ADI VIII NO 17 RT 001 RW 026 PERUM BUMI PUCANG GADING                                                                                    ','02476743936','L'),(276,'Triatmo','JL DUWET NO. 4 RT. 004 RW. 003              ','0248443843','L'),(277,'Arif Ichsanudin','PENGGARON KIDUL  RT 01 RW 06              ','02470553717','L'),(278,'Parmin','DK.DAMPIT RT 07 RW 02                  ','','L'),(279,'ISMADI','            ','','L'),(280,'Soekarno','KINTELA NO.267 RT 07 RW 003  ','','L'),(281,'Sugeng Saifullah','WATES WETAN RT 024 RW 010              ','','L'),(282,'SUGIYONO','BUKIT JATISARI INDAH BLOK DD 1 / 6RT 007 RW 007                  ','','L'),(283,'Prita Karin Tania',' JL.PUSPANJOLO DALAM IX / 16 RT 002 RW 002                       ','','L'),(284,'Agustinus Eko Mustijono','JL KEBONHARJO RT 009 RW 005                  ','','L'),(285,'Bastom Soelistyo','JL. LINTANG TRENGGONO III/48 RT 003 RW 018                  ','0246720637','L'),(286,'Dwi Utaminingsih','JL CANDI PENATARAN I NO.16 RT 005 RW 003                  ','0247601993','L'),(287,'Hery Pamungkas','ROWOSARI KRASAK RT 004 RW 003                              ','','L'),(288,'Puji Utomo','DESA KLAGEN RT 001 RW 002                  ','085876718328','L'),(289,'Trias Widyo Herminto','JL PUSPOWARNO TENGAH V / 18 RT 003 RW 002                  ','0247609731','L'),(290,'Niken Adisti Prawidasari','JL.CANDI BERLIAN V NO.9  RT 002 RW 009            ','0247614059','L'),(291,'Firman Wahyudi','PEDURUNGAN TENGAH VD/10      ','0243553243','L'),(292,'Suprapedi','                        ','','L'),(293,'Sri Andarini I.','JL.PAMULARSIH RAYA 34 RT 001 RW 009                                          ','0247602150','L'),(294,'Jazuli','JL. TAMAN SYUHADA NO. 47 RT. 03 RW. 22                                        ','02470142074','L'),(295,'ANNAS MARZUKI SULAIMAN','Anggorosari Rt.03 Rw.1 Pulisen, Boyolali 57316                               ','0276322224','L'),(296,'DANIAR WIKAN SETYANTO, S.SN','JL. CANDI BERLIAN V/14 PASADENA SEMARANG                        ','0247602183','L'),(297,'Daniar Wikan Setyanto','JL. CANDI BERLIAN V/14 PASADENA SMRG                      ','0247602183','L'),(298,'Raden Arief Nugroho','JL.NEKEL 12.A RT 004 RW 009                                      ','','L'),(299,'Valentina Widya S','JL.JATI PERMAI NO 9 RT001 RW 009                                          ','0247475996','L'),(300,'RAHMANTI ASMARANI','JL. BERUANG DALAM BARAT VIII/9A','024-6705657','L'),(301,'Agung Sedayu','Jl. Pramuka no.1                                                    ','','L'),(302,'NINA SETYANINGSIH','Jl Mlatibaru III /23 Semarang         ','0243548029','L'),(303,'SUGIYANTO','KINTELAN RT 007 RW 003                           ','','L'),(304,'Slamet Parjimin','JL LEMBAYUNG I RT 002 RW 004       ','','L'),(305,'Surono','AMPOSARI NO 28 RT 001 RW 003           ','','L'),(306,'Bambang Wisnu','Jl Sanggung Raya No. 181 rt 04/rw06     ','','L'),(307,'Budi Nugroho','Jl. Dr. Ismangil RT 006 RW 004','','L'),(308,'Imam Effendi','Jl.Bukit Beringin Barat  II/ C.26','02470773950','L'),(309,'Sugiyarto','KP.LEMBAYUNG RT 002 RW 004           ','','L'),(310,'ADDY HARYANTO','      ','','L'),(311,'Arif Sulistiyono',' KP PURNOSARI   rt04/rw 02  ','','L'),(312,'Arifin Wijaya','JL.PURWOSARI IB/ 34 RT 003 RW 007      ','','L'),(313,'Sukrisno','KP JATISARI RT 001 RW 004          ','','L'),(314,'J.Agus Supriyanto','KP.KALILANGSE 765 RT 005 RW 003        ','','L'),(315,'Restu Indah Wahyuni','JL.CIKURAI BARAT III / 666 RT 006 RW 003            ','02470249556','L'),(316,'Aji Purwantoro ','','','L'),(317,'Budi Susilo',' DSN KALIKEMBAR RT 004 RW 004           ','','L'),(318,'Dwiyono Arifiyanto','Perum Taman Puri Sartika G-8 ','','L'),(319,'Fitri Merdekawati','JL.KAUMAN TIMUR I NO 10 RT 001 RW 008             ','','L'),(320,'Heni Krisnatalia','JL.KINTELAN BARU NO.72 RT 003 RW 002            ','','L'),(321,'M. Etik Rahayuningsih','JL.CEMPOLOREJO RT 002 RW 003            ','','L'),(322,'Siswo Pranoto','JL.CEMAH RAYA III NO 1 RT 004 RW 006            ','','L'),(323,'Tutuk Toto Carito','JL NANGKA I / 21 RT003 RW 002            ','0248411503','L'),(324,'M. ARYANTO','            ','','L'),(325,'Ery Setyo Purwoko','REJOSARI GUMUK III / 29 RT 003 RW 011            ','','L'),(326,'ROMMY IRAWAN','UNGGARAN RT 02 RW 01            ','','L'),(327,'Widi Widodo','DSN KAMBANGAN RT 002 RW 013        ','','L'),(328,'Agus Suroso','BROTOJOYO VII/ 44 RT 008 RW 003      ','','L'),(329,'Arie Puspita Kartikasari','JL.WAHYU ASRI VII/ E 104 RT 003 RW 006    ','0246711183','L'),(330,'SUGENG ANGGORO','JL.BIMA I/70 RT 003 RW 005         ','','L'),(331,'Fajar Juminanto','PURWOSARI IB NO.31 RT 004 RW 00            ','0243559592','L'),(332,'DIONYSIUS ARDIAN DWI SETIO U.','JL LINTANG TRENGGONO III / 14 RT 009 RW 018            ','','L'),(333,'Ari Kristiono','KP.WOTPRAU NO 3 RT 002 RW 002            ','','L'),(334,'Gama Yuniarga Dinata','JL. KERTANEGARA III/ 6 RT 009 RW 003            ','','L'),(335,'Ajeng Deasy Kurniasari','DURIAN RAYA N0.15 A RT 004 RW 001            ','','L'),(336,'Ahmad Rohmat','DK GENTINGRT004 RW 006            ','088802493920','L'),(337,'Slamet Priyadi','KARANG INGAS BARAT RT 002 RW 004   ','','L'),(338,'MARGONO','Randublatung RT 008 RW 002            ','','L'),(339,'Heru Priantono','      ','','L'),(340,'Adhi Prasetyo','JL. LODAN II RT 4 RW 5                                          ','','L'),(341,'Fitria Wulandari','JL. DINAR MAS IV NO 2 RT 01 / RW XVI','','L'),(342,'ARIE ANGGONO','DK TEPIMULYO RT 001 RW 008            ','02945708665','L'),(343,'YUSTIAR S. IRMADI','MURADI NO 78 RT 007 RW 007                   ','','L'),(344,'Dadang Kurniawan','AGATHIS 1024 PLAMONGAN INDAH RT 004 RW 008            ','','L'),(345,'ARIEF PURWANTO','JL.GEMAH RAYA SELATAN II NO.1 RT 008 RW 06           ','0246709169','L'),(346,'Aldo Adistya Yudhiana','JL.NOYOSENTIKO II / 8 RT 002 RW 003            ','','L'),(347,'Bayu Priyo Utomo',' PR PATAH T II BLOK G / 37 RT 004 RW 006           ','','L'),(348,'DHANA KENCANA','JL. PUCANG GEDE TIMUR II/ 10 R T008 RW 013            ','','L'),(349,'ISMAIL FAJAR AGUS','SIDANEGARA INDAH BLOK 15 / 549 RT 004 RW 019            ','','L'),(350,'Budiman','      ','','L'),(351,'Danang Catur Prakoso','NGABLAK KIDUL RT 008 RW 008             ','','L'),(352,'Dhanang Setyono','GENUKSARI ATAS 24 RT 005 RW 009            ','','L'),(353,'Karina Aulia','','','L'),(354,'AGITA FEBIKA P.','KITELANG ASRI IX/F-37 RT 009 RW 011            ','','L'),(355,'Abu Salam','DS KEDUNGTUKANG','','L'),(356,'Hanny Kusuma Nagoro','JL.AMBARAWA NO 12 RT 001 RW 009            ','0243514119','L'),(357,'HANNA OCTAVIANY P.','LAMPER TENGAH III / 602-A RT 001 RW 003            ','','L'),(358,'Suswanto Saputro','KUWU RT 002 RW 004            ','','L'),(359,'Budi Setyo Utomo','JL TRENGGULI III NO.10  ','0248413617','L'),(360,'Christyan Wisnu Wardhana','JL.R.A KARTINI NO.38 RT 002 RW 002                  ','','L'),(361,'Liswanto','JL. BOROBUDUR UTARA XII RT 008 RW 003                         ','','L'),(362,'LIA DINA YUNITA','PANDA TIMUR NO 12 RT 011 RW 005      ','','L'),(363,'Nur Hesti Imaniastuti','KEMBANG JERUK 2-44 RT 004 RW 008            ','','L'),(364,'PRAMUDO WICAKSONO','JL.BERDIKARI II/ 2 RT 005RW 007          ','','L'),(365,'Shani Budi Pandita','','','L'),(366,'SETYANINGSIH','      ','','L'),(367,'Masluchin','JL. SADEWA VII NO.37 RT 001 RW 004                   ','','L'),(368,'Agus Riyanto','JL.KALIALANG BARU RT 04/RW 07 ','','L'),(369,'ENDAH WAHYU UTAMI','GANG PESURUHAN RT 005 RW 002      ','','L'),(370,'ERNA WAHNINGSIH','DESA TAMPINGAN RT 004 RW 004      ','','L'),(371,'Syaiful Latif','JL. TLOGO GANG I RT 01 RW 08          ','','L'),(372,'Abdullah','BOTOREJO RT 002 RW 002             ','','L'),(373,'Rusminto','NGLERAK RT 01 RW 09                 ','','L'),(374,'Indri Kristiyanto','JL TIKUNG BARU RT 004 RW 007           ','','L'),(375,'Bambang Heru Prasetya','JL MADUKORO NO 39 PA I RT 003 RW 015                 ','','L'),(376,'Widodo Waluyo','SAGAN GK 5/1193 rt 049/011 ','','L'),(377,'Cucuk Kamdani','JL SAWI RAYA RT 003 RW 006           ','','L'),(378,'Rama Aria Megantara','SRONDOL KULON RT 005 RW 001     ','','L'),(379,'Indri Aryati','JL LEMBAYUNG I RT 002 RW 004    ','','L'),(380,'ROBANI','PUDAKPAYUNG RT 006 RW 008            ','','L'),(381,'Fahri Firdausillah','                                                                                          ','','L'),(382,'Heri Fajar Budiyanto','','','L'),(383,'Bambang Hariyanto','','','L'),(384,'A. Soerjowardhana','Jl. Puspowarno VII No. 5','024-7606826','L'),(385,'A. WIYAKA','','','L'),(386,'A.Ardy Widyarso','Jl. Bendungan G.58,Payung Mas,Pudak Payung','','L'),(387,'A.SOEGIHARTONO','JL. KRAKATAU VII/21 SEMARANG            ','','L'),(388,'Achmad Zaenuddin','','','L'),(389,'Adi Sukmawan','','','L'),(390,'ADJI NUGROHO','      ','','L'),(391,'ADJI SUBCHAN','','','L'),(392,'AF. TONI SUHARTOMO','','','L'),(393,'AGNES MIENTARI','','','L'),(394,'AGUNG BUDI SULISTYO','','','L'),(395,'AGUNG YULIANTO','            JL. PADI TENGAH VII / D.423    ','','L'),(396,'AGUS MARGIANTONO','Jl. Sinar Harapan III/670 Sinar Waluyo Semarang','','L'),(397,'AGUS WIDIJATMOKO','','','L'),(398,'AGUSTINUS DJOKO WIDODO','KARANGREJO PENTUL II/ 7 SEMARANG        ','','L'),(399,'AHMAD FAUZAN','','','L'),(400,'AHMAD MUFID','','','L'),(401,'AHMAD SAEFUDIN','      ','','L'),(402,'AKHMAD MUTTAMAQIN','JL. TEGALKANGKUNG IX NO.95 RT.004 RW.002       ','02470094568','L'),(403,'AL NOVAN ARIEFIANTA','','','L'),(404,'ALAMSYAH','','','L'),(405,'ALDY RINALDY ADJAS','JL. SERUNI I NO. 30.\nGRAND GREENWOOD\nMANYARAN                                          ','0247629747','L'),(406,'ALEXIUS SUNARYO','','','L'),(407,'ALFA YULIANA DEWI','','','L'),(408,'Ali Santoso','','','L'),(409,'ALIMUDIN','Pondok Raden Patah Blok P1/16 Sayung Demak','02433042613','L'),(410,'ALOYSIUS R. S.','','','L'),(411,'AMALIA NUR CHASANAH','JL. PUSPOWARNO SELATAN II NO 19        ','0247621427','L'),(412,'AMANU ROMLI','            ','','L'),(413,'ANDHI WIJAYANTO','','','L'),(414,'ANDY KRIDASUSILA','JL. EMAS II/14 PERUM GRIYA DEMPEL BARU SEMARANG','02440037227','L'),(415,'ANDI KURNIAWAN','JL. GOMBEL PERMAI VII/181 SEMARANG      ','','L'),(416,'ANDREAS PANDIANGAN','','','L'),(417,'ANDREAS YULIANTO HERRI ISTIYONO','            ','','L'),(418,'ANI MUMPUNI','      ','','L'),(419,'ANIK ANIQOH','PERUM DURENAN ASRI B/17 KEL. METESEH KEC. TEMBALANG SEMARANG','','L'),(420,'ANIK TYASWATI','','','L'),(421,'ANIS SUNDUSIYAH','','','L'),(422,'ANTHONY SUTEDJA','','','L'),(423,'ANTON PRIHARTANTO','BUKIT SILAYUR PERMAI BALOK C-1','','L'),(424,'ANTON SISWARTONO','','','L'),(425,'ARDI SETIYANTO','','','L'),(426,'ARDINI SURYO ANDRIANI','            ','','L'),(427,'ARI RESPATI','','','L'),(428,'ARIAWAN','      ','','L'),(429,'ARIDO LAKSONO','','','L'),(430,'ARIF ALIYANTO','','','L'),(431,'ARIF WIDIARTO','            ','','L'),(432,'ARIS PUJI WIDODO','Jl. Karangrejo III/6 Komplek Bina Marga Banyumanik Semarang','','L'),(433,'Arry Maulana Syarif','      ','','L'),(434,'ARSO SETYAJI','','','L'),(435,'ARUM SIGIT PRADITYO','','','L'),(436,'Ary Arvianto','','','L'),(437,'BAELY YUDO','            ','','L'),(438,'BAMBANG PRISHARDOYO','','','L'),(439,'BAMBANG SUPRABOWO','','','L'),(440,'BAYU RESTIANTO','','','L'),(441,'BEDJO SANTOSO','','','L'),(442,'BERNARDUS ANDANG PRASETYA ADIWIBAWA','PERUM DOLOG BLOK H NO. 129, RT 01 RW 01      ','0246710392','L'),(443,'BM. HARRY PUTRANTI','    JL. GEMAH SARI IX/265B RT 04 RW.04 PERUMAHAN KINI JAYA    ','024 6708694','L'),(444,'Budi Kho','','','L'),(445,'BUDI PAMUNGKAS','','','L'),(446,'BUDI SARWO','','','L'),(447,'CAMILUS ISIDORUS','','','L'),(448,'CATUR EDI WIDODO','','','L'),(449,'DANU PRAYOGO','            ','','L'),(450,'DARJAT','','','L'),(451,'DARMANTO','','','L'),(452,'DARSONO','','','L'),(453,'DARWANTO','','','L'),(454,'DENNY NURKERTAMANDA','','','L'),(455,'DEWA AGUNG KURNIAWAN','','','L'),(456,'DHANANG R.P.','','','L'),(457,'Dian Festiana Hadi Saputro','                JL PENATON NO 1 SEMARANG                    ','0243554709','L'),(458,'DIAN INDU DEWI','','','L'),(459,'Diana Hardiyanti','','','L'),(460,'DINAR MUTIARA KUSUMA N.','','','L'),(461,'DINI ANGGRAHENI','JL. KAGOK DALAM 3 NO. 46      ','0248506317','L'),(462,'DJARIYO','','','L'),(463,'Udi Harmoko','','','L'),(464,'AGUS SETYAWAN','','','L'),(465,'Swandayani Widodo','JL PETERONGAN TIMUR 28 SEMARANG','0248446273','L'),(466,'Lilik Werti Wandoyowati','','','L'),(467,'DRA. MI INDRAWATI','','','L'),(468,'DRA. SANTI CHAIRANI D','','','L'),(469,'Sri Puji Astuti','Jl. Sekarjagad III/7 Semarang','','L'),(470,'SURONO','','','L'),(471,'Drs. AGUS NURYATIN','','','L'),(472,'DRS. DALDJONO','','','L'),(473,'H.M. UMAR HADI','','','L'),(474,'Julimrhardjono','','','L'),(475,'MUZAKKA','','','L'),(476,'DRS. WASIAT POERNOMO S','','','L'),(477,'DWI BUDI HARTO','PERUMAHAN KEPODANG ASRI NO.46 UNGARAN JAWA TENGAH','02474026884','L'),(478,'DWI NURSANTI','','','L'),(479,'DWI PUJI KRISTIAWAN','','','L'),(480,'DWI RATMONO','','','L'),(481,'DWI WAHYUDIANTO','','','L'),(482,'DYAH CORRY KUSWARDANI','','','L'),(483,'DYAH GAYATRI','Jangli Tlawah Rt.2/IX Jatingaleh Candisari Semarang','0248447169','L'),(484,'DYAH NUGRAHANI','','','L'),(485,'DYAH PALUPININGTYAS','','','L'),(486,'EDDY PRABOWO WITANTO','','','L'),(487,'EDI MASTUTI RAHAYU','            ','','L'),(488,'EDI SANTOSO','','','L'),(489,'EDI SISMARWOTO','','','L'),(490,'Edi Siswoyo','','','L'),(491,'EDY SUHARTO','    ','','L'),(492,'EKA PRATIWI MAHARANI','','','L'),(493,'EKO ADI SARWOKO','','','L'),(494,'EKO HADI WAHYONO','JL. TOTEM 5 BLOK B10 NO. 36, KAMPOENG HOLLYWOOD, GREENDWOOD        ','02470355453','L'),(495,'EKO HANDOYO','','','L'),(496,'EKO PUNTO','','','L'),(497,'EKO SASONO','','','L'),(498,'EKO SISWO ADI SAHPUTRA','                    ','','L'),(499,'Elisa Agung Wahyudi','','','L'),(500,'EMAN S','','','L'),(501,'ENDANG RUSDIANTI','      ','','L'),(502,'ENI EKOWATI','','','L'),(503,'ENTOT SUHARTONO','','','L'),(504,'ERNA HENDRYNA A.N','','','L'),(505,'ETA FARMACELIA N.','','','L'),(506,'ETNAWATI MONICA','','','L'),(507,'FAISAL SE.','','','L'),(508,'FAJRIA NOVIANA','','','L'),(509,'FARID AHMADI','','','L'),(510,'FITRIE ARIANTI','','','L'),(511,'FITRO NUR HAKIM','','','L'),(512,'FRANSISCA AS','','','L'),(513,'GUNAWAN PERMADI','','','L'),(514,'HADI SWASONO','','','L'),(515,'HARI PRIYONO','','','L'),(516,'HARTONO','','024747288','L'),(517,'HENING','','','L'),(518,'HERI SULIANTORO','','','L'),(519,'HIDAYANI PERMATADEWI','JL. PUSPOWARNO SELATAN 2 / 16','0247610622','L'),(520,'HIKMAH','','','L'),(521,'Anak Agung Ketut Darmaja','','','L'),(522,'IFAH LATIFAH','','','L'),(523,'IGN. ANINDYA DARTHA','','','L'),(524,'IKA SULISTIYANINGSIH','      ','','L'),(525,'IMAM GOZALI','','','L'),(526,'IMAM GOZALI','Perum. Beringin Indah D#/B Ngaliyan Smg','0247620750','L'),(527,'IMAN HIDAYAT','','','L'),(528,'INDAH MURNIATI','','','L'),(529,'INDAH PUDJIATI','','','L'),(530,'INDAH SUGESTININGRUM','','','L'),(531,'INSAANUL KAMILA','','','L'),(532,'IRIANTI','','','L'),(533,'Irwan','','','L'),(534,'ISMAIL','      ','','L'),(535,'ISMANTO','','','L'),(536,'ISMANTO','','','L'),(537,'ISYANTO','','','L'),(538,'Iwan Setiawan','','','L'),(539,'JAFAR SHODIQ','','','L'),(540,'JERRY RISNANDAR','','','L'),(541,'Jimmy','','','L'),(542,'JOKO RIYANTO','','','L'),(543,'JUJUK KRISTANTO','','','L'),(544,'JUSAK BUDI PRASETYO',' JL. MUGAS 741                       ','0248416012','L'),(545,'KADARISMAN','','','L'),(546,'KARNO WAHADI','','','L'),(547,'KARTINAH','    ','','L'),(548,'KATARINA HAPSARI','','','L'),(549,'KHARIS RAHARJO','      ','','L'),(550,'KHRIS ROLANTO','','','L'),(551,'KRISTIAWAN NUGROHO','','','L'),(552,'KUMARA','','','L'),(553,'KUNAWI','','','L'),(554,'KUSYOGO CAHYO','','','L'),(555,'L. BUDI TRIONO.','','','L'),(556,'LAILY NUR AFFINI','','','L'),(557,'LIDIA MUSTIKASARI','','','L'),(558,'LILIEK SOEPRIATMADJI','','','L'),(559,'LILIK MUSFIROTUN','Jl Karonsih Baru II/54 Ngaliyan - Semarang','0247623660','L'),(560,'LINDA AGUSTINA','','','L'),(561,'LUCIA RINI','','','L'),(562,'M. AGUS BAHARUDIN','JatiLuhur 327 rt3/rw4, ngesrep, SMG','0247474327','L'),(563,'MAMPUONO','      ','','L'),(564,'MARITA SURYANINGTYAS','','','L'),(565,'MARTINUS HANUNG SETIAWAN','','','L'),(566,'MASRUROH','','','L'),(567,'MENIEK SRININGPRAPTI','','','L'),(568,'MM. HERMAWATI','','','L'),(569,'MOCHAMAD ACHYADI','WONOSARI RT 05 / X NGAIYAN SEMARANG','','L'),(570,'MOCH. BILLAL','      ','','L'),(571,'MOCH. ISNADI B','','','L'),(572,'MOCH. MASTURI','JL. LESANPURO DALAM NO. 6 RT.03 / RW.10      ','024 7608616','L'),(573,'MOCHAMAD SANTOSO','','','L'),(574,'MTH HENY WIDYARTI','','','L'),(575,'MUALIMIN','','','L'),(576,'MUCHAMAD YULIANTO','','','L'),(577,'MUCHLAS YUSAK','','','L'),(578,'MUHAMMAD PURNOMO SIDIQ','  Jl. Pucang Jajar Timur Raya    ','','L'),(579,'MUJIASIH','JL. DEWI SARTIKA TIMUR V\nRT/RW : 002/005','','L'),(580,'Mukhamad Taufik Hidayat','            ','','L'),(581,'MULYO HADI PURNOMO','','','L'),(582,'Mulyono Joyomartono','','','L'),(583,'MULYONO','','','L'),(584,'MURTI AYU WIJAYANTI','','','L'),(585,'MUSLIMAH','','','L'),(586,'NADIAH MA\'MUN','    PERUM BERINGIN SELATAN BLOK G, NGALIYAN SEMARANG            ','','L'),(587,'NAF\'AN NR','','','L'),(588,'NANA ALWAN','','','L'),(589,'NARWASTUJATI','','','L'),(590,'NATANAEL KRISWANTO','','','L'),(591,'Nesye Listya Sutanto','','','L'),(592,'NIKEN PRASETIARTI','','','L'),(593,'NINA SETIANINGSIH','','','L'),(594,'NINA SETYANINGSIH','JL MLATIARU 3 NO 23 RT  005 RW 006      ','','L'),(595,'NUNUNG NUGROHO','','','L'),(596,'NUR ALIMAH','JL.BUKIT BERINGIN ELOK IA BLOK B NO.332 A      ','02470437920','L'),(597,'NUR CAHYO HENDRO W',' Jl. Cinde Barat III /10 Semarang','0248443118','L'),(598,'NUR CAHYONOWATI','','','L'),(599,'NUR HASAN','      ','','L'),(600,'NURAININGSIH','','','L'),(601,'O. HERI CANDRA','','','L'),(602,'PANJI WISNU WIRAWAN','      ','','L'),(603,'PARJU','      ','','L'),(604,'PAULUS','','','L'),(605,'PETRUS GOGOR BANGSA','PELEM SEWU BARU R-12\nJL. PARANGTRITIS KM. 5                      ','','L'),(606,'PONIMAN','KP. KALILANGSE RT 006 RW 003','','L'),(607,'PRATIWI','','','L'),(608,'PRAYOGI','','','L'),(609,'PUJIANTO','','','L'),(610,'PURNAWAN ADI WICAKSONO','','','L'),(611,'R. RIZAL ISNANTO','','','L'),(612,'RATIH SARI WARDANI','','','L'),(613,'RATIH','','','L'),(614,'REDYANTO NOOR','','','L'),(615,'RESPATI WULANDARI','Jl. Pamularsih Buntu No.18 Semarang            ','0247610310','L'),(616,'RIANA EKA BUDIASTUTI','','','L'),(617,'RIBUT MUSPRIHADI','','','L'),(618,'RINA ARIFATI','','','L'),(619,'RINI WERDININGSIH','','','L'),(620,'RISA FARRID CHRISTIANTI','Jl. Tamtama Timur 169 Semarang','02450154860','L'),(621,'RISMAWATI','','','L'),(622,'RISTIYANTO','','','L'),(623,'ROBBY KURNIAWAN','','','L'),(624,'ROBERTUS HERI SU','','','L'),(625,'ROHANI','','','L'),(626,'ROKHMANUL HAKIM','','','L'),(627,'ROY RUDOLF HUIZEN','','','L'),(628,'RUKIYAH','','','L'),(629,'S. WARDANA P.','','','L'),(630,'Saepudin','','','L'),(631,'SAHID','','','L'),(632,'SAMSUL RIDWAN','','','L'),(633,'SAMUEL DEPTHIOS','','','L'),(634,'SANSALONI BUTAR-BUTAR','','','L'),(635,'SARANA','','','L'),(636,'SATOTO ASHADHI','    ','','L'),(637,'SATRIO ADI','','','L'),(638,'SATRIO WIBOWO','','','L'),(639,'SENOWARSITO','','','L'),(640,'Shane Nelson','','','L'),(641,'SHANI BUDI','','','L'),(642,'SILVIA ANDRIANINGSIH','','','L'),(643,'SILVIA ARI KRISTANTI W.','            ','','L'),(644,'SISCA ARTIN','','','L'),(645,'SISWO HARSONO','','','L'),(646,'SITI ARKUNAH','JL. TRUNTUM I NO.45      ','','L'),(647,'SITI SULASTRI','','','L'),(648,'SLAMET SUBEKTI','PLAMONGAN INDAH E318','0246746141','L'),(649,'SOBICHATUL AMINAH','            ','','L'),(650,'SOEDJADI Y','','','L'),(651,'SOEGIHARTONO','Jl. Krakatau VII/21 Semarang','02470791846','L'),(652,'SOEGIRI','','','L'),(653,'SOFFWAN AJI','','','L'),(654,'SOFI ARIMAWAN','','','L'),(655,'SONI WIDHI HANDOKO','','','L'),(656,'SR.M.CHRISTOPHORA','','','L'),(657,'SRI ANGGRAINI P.','','','L'),(658,'SRI HARTINI','','','L'),(659,'SRI HARYANI','','','L'),(660,'SRI HERANURWENI','','','L'),(661,'SRI MULATSIH','MUTIARA RAYA NO 9 RT 002 RW 003      ','','L'),(662,'SRI MULYANI','','','L'),(663,'SRI MULYONO HERLAMBANG','','','L'),(664,'Sri Nugroho Lestari','','','L'),(665,'SRI PUJI ASTUTI','','','L'),(666,'SRI REDJEKI','','','L'),(667,'SRI RETNO W','','','L'),(668,'SRI SUMEKTI','','','L'),(669,'SRI WAHYUNI','','','L'),(670,'STEPHANI DIAH PAMELASARI','JL. TAMAN WOLOGITO 52 RT 001 RW 001                             ','','L'),(671,'SUDEWI METIANING','','','L'),(672,'SUGENG PURWANTO','','','L'),(673,'SUHARTONO','            ','','L'),(674,'SUHARYO','','','L'),(675,'SUKAMTO','','','L'),(676,'SUKARNI S','','','L'),(677,'SUKIRNO','','','L'),(678,'SULARSO B.','','','L'),(679,'SULISTIANI','','','L'),(680,'SULISTIYANI','','','L'),(681,'SULISTYA IKA','      ','','L'),(682,'SUPARI','','','L'),(683,'SUPENO.AS','','','L'),(684,'SUPRIYADI','Jl. Sekip III/10 Tembalang','0247477374','L'),(685,'SUPRIYOKO','','','L'),(686,'SUPRIYONO','','','L'),(687,'SURYAWATI','','','L'),(688,'SURYOTO','    PERUMAHAN GRAND TEMBALANG REGENCY D1 / 12, RT 07 RW 01','02476482389','L'),(689,'SUSENA','','','L'),(690,'SUSTER VINCENT','','','L'),(691,'Sutarso Girivana','','','L'),(692,'SUTIONO','','','L'),(693,'SUTJIPTO','','','L'),(694,'SUTRISNA','','','L'),(695,'SUWARNOTO','','','L'),(696,'SUYONO','','','L'),(697,'SYAMSOER KONO','JL TENTARA PELAJAR NO 39','0248310951','L'),(698,'TEGUH HARHINTO','','','L'),(699,'TEMUZIN RAMBING','            ','','L'),(700,'THERESIA DWI HASTUTI','','','L'),(701,'TIMOTIUS AGUS H','JL TEJO KUSUMO 14/30 TLOGOSARI SEMARANG','0246701626','L'),(702,'TITI LARAS','','','L'),(703,'TITIN','','','L'),(704,'TITO SUYITNO','','','L'),(705,'Tjandra Sujanto','','','L'),(706,'TOTO MUDJIARTO','','','L'),(707,'TOTOK TUMANGKAR','','','L'),(708,'TRI KARYANTI','','','L'),(709,'TRIBUANA SARI','','','L'),(710,'TRISMANTO','JL WIROTO II /21 SEMARANG','','L'),(711,'TRIWIBOWO ','','','L'),(712,'Tutik Tusmiyati','','','L'),(713,'UMI PRATIWI','','','L'),(714,'UMY MARIANI','','','L'),(715,'VANNY MARTIANOVA Y.','JL PLAMONGAN PENI 2 NO. 189 PEDURUNGAN KIDUL SEMARANG','','L'),(716,'VERA DAMAYANTI','','','L'),(717,'VIRDIAN SEFRIZAL','DEWI SARTIKA BARAT I RT 07 RW 03       ','02486457572','L'),(718,'VITRI WULANDARI','','','L'),(719,'Vivian','','','L'),(720,'VS. TRIPRIYO PS','','','L'),(721,'WARNO','','','L'),(722,'WARSIDI','','','L'),(723,'WIDIARTI','','','L'),(724,'WIDODO HARI MULYANTO','','','L'),(725,'WIDOYONO','JL. TUGUREJO TIMUR XII/57 PERUM KORPRI TUGU SEMARANG ','02486456683','L'),(726,'WIKE DIAH ANJARYANI','','','L'),(727,'WISNU ADI SUKMA','AYUN-AYUN 213, PERUM RC    ','','L'),(728,'WIWIK AKHIRUL AENI','JL. WATULAWANG TIMUR V/36, \nRT 01/ RW 08    ','','L'),(729,'WIWIT APIT SULISTYOWATI','JL. KOMODO B.78 SLAWI','0283491883','L'),(730,'Y. INDARTO','','','L'),(731,'Y.BAMBANG MARGONO S','','','L'),(732,'Y.BAMBANG TRIYONO','','','L'),(733,'YAKOBUS SAKTONO ADI','PUSPOWARNO III/12\nSEMARANG\n\n        ','0247603975','L'),(734,'YANI PARTI ASTUTI','Perum Kandri Pesona Asri F2/3 Rt.4/4 Gunung Pati Semarang      ','02476916136','L'),(735,'YASMININGRUM','','','L'),(736,'YOGO PRAYOGO','      ','','L'),(737,'YOHANES EKO PRIYANTO','            ','','L'),(738,'YOSEP U. DRS.','','','L'),(739,'YULI BUDIATI','      ','','L'),(740,'YULIA ERNAWATI','','','L'),(741,'YULIANTO PURNOMO','Puri Anjasmoro p13 no 12A - Semarang','0247602929','L'),(742,'YUNITA IRMAWATI','','','L'),(743,'YUSAK L. DIYONO','JLN. SERUNI XI/7 TLOGOSARI','0246717122','L'),(744,'YUSUF SOFYAN','','','L'),(745,'ZAENAL ARIFIN','Jl. Villa Madani No.4 Rt.2/2 Gedawang Banyumanik      ','02474009957','L'),(746,'Muhammad Habib Shaleh','','','L'),(747,'Mahmud Hidayat','','','L'),(748,'Joko Triyono','','','L'),(749,'Agung Wibowo','JL. HANDAYANI 1 TRANGKIL SEJAHTERA','','L'),(750,'NURCHAYATI','GRIYA PANDANA MERDEKA BLOK S/32 ','0247629077','L'),(751,'Gatot Suharto','','','L'),(752,'LELU DINA A.','','','L'),(753,'Rudi Tjahyono','Jl. Menoreh Utara IV/8                  ','02470274455','L'),(754,'JUMADI','      ','','L'),(755,'HARIS MA`RUF','','','L'),(756,'DANUSIRI','','','L'),(757,'MUHAMAD SYARIFUDIN','Jl. Lumbungsari V  No. 15 ','','L'),(758,'HER ADHI PAMUNGKAS','','','L'),(759,'SRI RAHAYUNINGSIH','','','L'),(760,'NURYONO','Jl. Satria Barat II/82 Semarang      ','','L'),(761,'IMAM EFFENDI','JL.KAWUNG IX /02 RT 007 RW 014            ','024707773950','L'),(762,'ABDUL WAHAB','Jl. Pandean Taman Harjo No.16','0243522791','L'),(763,'SUPENO','Magersari 10/143D Rt.06/V Pendrikan Kidul','0243513257','L'),(764,'IMAM MARJUKI','      ','','L'),(765,'MUH ARIS','','','L'),(766,'LIYA UMAROH','Jl. Kentangan Utara No.41 Semarang      ','','L'),(767,'LASIMAN','','','L'),(768,'Bambang Agus Herlambang','Graha Puspita A-2 Plamongansari Semarang','','L'),(769,'MUHTADI','      Jl. Jomblang Timur 809A Semarang','','L'),(770,'DIAH SAFITRI','','','L'),(771,'YUCIANA WILANDARI','','','L'),(772,'ABDUL HOYYI','JL. TIMOHO TIMUR I NO. 1A','','L'),(773,'Adityo Danang Nugroho','','','L'),(774,'Dr. Eng. HENDRI WIDIYANDARI','','','L'),(775,'Rahmat','','','L'),(776,'NUR HARTANTO','      ','','L'),(777,'BAMBANG SUBALI','PERUM GRIYA SEKARGADING BLOK. L.14\r\nSEMARANG    ','','L'),(778,'Ajeng Setyorini','','','L'),(779,'Aries Murdianto','','','L'),(780,'Lambok','','','L'),(781,'DR. Efriyani Sumastuti','Jl Sampangan Baru V / B4 Semarang','','L'),(782,'RATNO','','02470012084','L'),(783,'Godham Eko Saputro','','','L'),(784,'Butsiana Kriskayuda','','','L'),(785,'Fajriannoor Fanani','','','L'),(786,'Yuliyanto Budi Setiawan','','','L'),(787,'Nurul Wakhid','','','L'),(788,'Siti Nur Hadiyati','','','L'),(789,'Muhammad Bayu Widagdo','','','L'),(790,'Cecilia Sri Haryanti','','','L'),(791,'Andreas Winarto','','','L'),(792,'Winoto','','','L'),(793,'Ardiani Ika','','','L'),(794,'M. Hamrowi','','','L'),(795,'ABU SALAM','DS.KEDUNGTUKANG RT 017 RW 005                                          ','','L'),(796,'Dadan Ramadhani','','','L'),(797,'Danar','','','L'),(798,'Maulana Muhammad Fahmi','','','L'),(799,'Sugito','','','L'),(800,'NUR IKSAN','DSN. NGRUNUT RT 5 RW 6','','L'),(801,'HETTY CATUR ELLYAWATI','    Jl. Wonosari 1 no 11B','02470650211','L'),(802,'Arias Tuti Wulandari','','','L'),(803,'Aida Safitri','','','L'),(804,'Nina Setyanti','','','L'),(805,'Septia Lutfi','','','L'),(806,'Napsun Setyono','Kruing  Raya No,93 Semarang','','L'),(807,'Risa Christiani','','','L'),(808,'Hanna Lestari','Jl. Puspanjolo Dalam VI / 11','0247611641','L'),(809,'Budi Setiyono','','','L'),(810,'Sari Ayu Wulandari','jL, Barongan II NO 203 B RT 002 Rw 002','','L'),(811,'Abdul Karim','','','L'),(812,'Muhammad Mabrur','','','L'),(813,'RIRIS TIANI','      ','','L'),(814,'DANANG KUSWARDONO','                              ','','L'),(815,'Frida Widyawati Triasningrum','Jl. Kedondong Raya No. 429 Semarang','0248415823','L'),(816,'LILY KRESNOWATI','            ','','L'),(817,'Elizabeth Setya Asih','Jl.Bukit Kelapa Kopyor XI / B4 no.1 Bukit Kencana Jaya','','L'),(818,'Hanif Pandu Suhito','Jl.Tusam Raya L 23-24','','L'),(819,'Agung Sunaryanto','','','L'),(820,'Sri Soenaryati Matin','PERUM BPI BLOK E-16 RT 003 RW 010                                    ','0247607395','L'),(821,'Prio Isnandar','','','L'),(822,'Bambang Agus H','JL.Puspowarno Selatan 2','','L'),(823,'Oka Rohmansyah','','','L'),(824,'Maryani Setyowati','Truntum IX/39 Rt.04 Rw RW XI Tlogosari Semarang  ','0246719808','L'),(825,'Gatot Suwardiyono','Perum Bukit Mutiara 1 Blok BA No.74-75 Bukit Kencana Jaya','','L'),(826,'Syaifudin','','','L'),(827,'Ristiyanto','','','L'),(828,'Estri','','','L'),(829,'Ferry','','','L'),(830,'Ratih Indraswari','','','L'),(831,'AGUS SETIAWAN','   BULUNGAN RT 02 RW 01 KEC. PAKIS AJI KAB. JEPARA       ','','L'),(832,'ARIEF AGUNG SWASONO',' PUSPA INDAH BLOK C/5\nYOGYAKARTA         ','02746461165','L'),(833,'BASKORO SURYO BANINDRO','    PERUM GRIYA SURYO ASRI2\nB. 12                      ','0274387236','L'),(834,'DYONISIUS DONY A','            ','','L'),(835,'AKHRIYADI SOFIAN','            ','','L'),(836,'M. ARIEF BUDIMAN','                  ','','L'),(837,'TRIANA MIRASARI ASRIKUSUMA','BADRAN BARU  RT 08/ RW 08 PAPAHAN TASIKMADU','02716497860','L'),(838,'OKY DWI NURHAYATI','                                    ','','L'),(839,'POEDJI HARYANTO','JL. BUKIT KELAPA SAWIT II/AI.30                         ','0247477507','L'),(840,'AWALUDIN PIMAY','      ','','L'),(841,'MUHAMMAD FATKUL','      ','','L'),(842,'SUWARNOTO','      ','','L'),(843,'BUDI CAHYO','      ','','L'),(844,'DENI SETIYANTO','                                        ','','L'),(845,'ASDANI KINDARTO','JL. CERME RAYA NO.1 SEMARANG ','0248415167','L'),(846,'RAMBAT KRISTYANTO','      Jl. Kenanga Selatan I Rt.03/11 kel.Gedawang','02476484512','L'),(847,'IMAM YAHYA','      ','','L'),(848,'MUHAMMAD CHODZIRIN','DESA KARANGSARI, RT 05 / IV KEC. LAB. KENDAL (513190 ','','L'),(849,'MOH. ARIFIN','      ','','L'),(850,'AYU IDA (AIDA) SAFITRI','      ','','L'),(851,'R. ARIF NUGROHO','      ','','L'),(852,'SRI WAHYU SARJANAWATI','      ','','L'),(853,'JADI AMALI','SALATIGA PERMAI   ','0298325025','L'),(854,'ADI WIDHARYANTO','      ','','L'),(855,'D. DONY ARIANANDA','      ','','L'),(856,'DWIYONO ARIFIYANTO','PERUM. TAMAN PURI SARTIKA BLOK G NO. 8','02470141682','L'),(857,'ALBERTUS DWI YOGA WIDIANTORO','GRIYA SEKAR GADING BLOK C NO 8\nNUNUNG PATI SEMARANG                ','','L'),(858,'A. DARTO IWAN S.','JL BUKIT CEMARA INDAH IX BLOK C2 NO.34 BUKIT KENCANA JAYA            ','0247478974','L'),(859,'MELANI HAPSARI','            ','','L'),(860,'DJAROT NUGROHO','          ','','L'),(861,'IKA MENARIANTI','Candi Losmen No.61 Rt/Rw:01/09','-','L'),(862,'PUJIYANTO','      ','','L'),(863,'SUKMA N.A','                  ','','L'),(864,'MAGANG 1','      ','','L'),(865,'MAGANG 2','      ','','L'),(866,'MAGANG 3','      ','','L'),(867,'DIAH SOELISTYOWATI','PERUM PESONA HARAPAN  H-1 RT 02 RW 06  YOGYAKARTA                                                                ','02440134020','L'),(868,'BAMBANG TEGUH UTOMO','      ','','L'),(869,'ROMO DOMINICUS DONNY WISIYARSO, PR','      ','','L'),(870,'AGUS PERRY KUSUMA','JL PUCANG GEDE III/41-43\nBUMI PUCANG GADING\n                               ','','L'),(871,'TEKTONA YOGA DIAH HANDITA','      ','','L'),(872,'TIM PENGAMPU PPKN','      ','','L'),(873,'TIM PENGAMPU ISBD','      ','','L'),(874,'AGUS BAMBANG SANTOSO','      ','','L'),(875,'EM. GIDEON SUPRAPTO','      ','','L'),(876,'APRIYANTI','      ','','L'),(877,'DIA DEVANTI RATULANGI','PERUMNAS JATIREJO F-41 RT 002 RW 009                        ','','L'),(878,'SRI SOENARYATI MATIN','      ','','L'),(879,'AGUS PERRY KUSUMA','      ','','L'),(880,'Andy Bangkit Setiawan','JALAN KESAMBI 323 RT 4 RW 3                            ','','L'),(881,'TIM PENGAMPU BK','','','L'),(882,'Tito Perdananta','','','L'),(883,'AGUNG WAHYUDI','','','L'),(884,'RATIH KUSUMASTUTI','','','L'),(885,'Setyo Pramono','SAPUTAN BARAT 407 RT 002 RW 013     ','','L'),(886,'Wahid Nur Setiawan','GENUKSARI RT 001 RW 008     ','','L'),(887,'MOCH.ARYANTO','TRIMULYO RT 005 RW 001   ','','L'),(888,'DENY SETYANTO','      ','','L'),(889,'Anisa Larassati','      ','','L'),(890,'KHOIRI ROZI','JURUSAN TEKNIK MESIN, UNIVERSITAS DIPONEGORO                                 ','','L'),(891,'SOEISNIWATI LIDWINA ','GOMBEL PERMAI III/398\nSEMARANG','0247466440','L'),(892,'Sigid Adi Brata','','','L'),(893,'Aminudin','Kel. Randugarut Rt. 01/02 Kec.Tugu  Kota Semarang','0248665763','L'),(894,'Diding Darmudi','','','L'),(895,'XXX','XXXXXXXXXXXXXXXXXXXXXXXXXXXXXX','','L'),(896,'Iwan Budiono','','','L'),(897,'DENNY HENDRIFIKA SETYAWAN','   JL. KARYA WIGUNA NO. 86D ','03415488858','L'),(898,'SUPRIYADI','    ','','L'),(899,'NOVI HENDRIYANTO','    BUKIT PERMATA PURI  BLOK  H IV / 7 SEMARANG    ','0247628476','L'),(900,'TIM PENGAMPU IKD','      ','','L'),(901,'PURWANTORO','  JL. UNGARAN IV/299A SEMARANG 50252                        ','02470171787','L'),(902,'Hadiyanto','','','L'),(903,'Budi Agustriono','','','L'),(904,'JONET YULIANTO','JL.PUSPOGIWANG IV / 9\n\n    ','02470240074','L'),(905,'Tim Pengampu KP FIK','','','L'),(906,'Tim Pengampu KP FE','','','L'),(907,'Tim Pengampu KP FBS','','','L'),(908,'Tim Pengampu KP FKES','','','L'),(909,'Tim Pengampu KP FT','','','L'),(910,'Tim Pengampu BK FIK','','','L'),(911,'Tim Pengampu BK FE','','','L'),(912,'Tim Pengampu BK FBS','','','L'),(913,'Tim Pengampu BK FKES','','','L'),(914,'Tim Pengampu BK FT','','','L'),(915,'Tim Pengampu PA/TA FIK','','','L'),(916,'Tim Pengampu PA/TA FE','','','L'),(917,'Tim Pengampu PA/TA FBS','','','L'),(918,'Tim Pengampu PA/TA FKES','','','L'),(919,'Tim Pengampu PA/TA FT','','','L'),(920,'Tim Pengampu Sertifikasi','','','L'),(921,'WAHYU CAESARENDRA',' JL. MERBAU RAYA NO.2 BANYUMANIK','0247471971','L'),(922,'Tim Pengampu Bahasa Inggris FIK','','','L'),(923,'Tim Pengampu Bahasa Inggris FKM','','','L'),(924,'Tim Pengampu Bahasa Inggris FE','','','L'),(925,'Tim Pengampu Bahasa Inggris FBS','','','L'),(926,'Tim Pengampu Bahasa Inggris FT','','','L'),(927,'VICKY OKTAVIA','','','L'),(928,'VERONICA SHANTI DAMAYANTI','','','L'),(929,'HARRIES ARIZONIA ISMAIL','','','L'),(930,'ARTHA FEBRIANA','KAMPUNG SEMAWIS BLOK D NO 19 KEDUNGMUNDU \nSEMARANG','','L'),(931,'Aji Nugroho','BRUMBUNGAN  TOM 18','0240784960','L'),(932,'Margana','','','L'),(933,'DESI PUSPITANINGRUM','JL RODEO 3 BLOK A 6 NO. 9 KAMPOENG HOLLYWOOD','','L'),(934,'ABDUL KARIM','            ','','L'),(935,'TIM SEMINAR DKV','','','L'),(936,'YANUAR RACHMANSYAH,','      ','','L'),(937,'TRI ROESTANTI','            ','','L'),(938,'Muh. Munhaji','','','L'),(939,'Indra Gamayanto','','','L'),(940,'Hendry','Perum Wahid B2/12 Salatiga','','L'),(941,'G. Hendita Artha','','','L'),(942,'B. NATALIA SARI PUJIASTUTI','JL KAPAS TENGAH IX/F.680 PERUMAHAN GENUK INDAH SEMARANG                ','0246594326','L'),(943,'Kurniawan Yudhi Nugroho','Jl, Ulin V/213 Banyumanik','','L'),(944,'BAMBANG RINDIT RUSTANTYO','Jl. Tegalsari  III/ 1 Semarang','','L'),(945,'Edi Budi Santoso','','','L'),(946,'Evi Setiawati','','','L'),(947,'Inneke','','','L'),(948,'Khothibul Umam','','','L'),(949,'Adhi Prasetyo','Jl. Lodan II RT 4 RW V','','L'),(950,'Aris Soegiarto,','','','L'),(951,'Pipin Mastika Porqi','','','L'),(952,'Ronny Haryanto','','','L'),(953,'DICO TRIROSANDI','JL. PLEBURAN BARAT 17     ','','L'),(954,'MUSTASYFA THABIB KARIADI',' WISMA CITRA A7           ','','L'),(955,'TEGAR ANDITO, ','    ','','L'),(956,'STEFANI DEWI ROSARIA','    PERUM TULUS HARAPAN BLOK B 18/9        ','0246716180','L'),(957,'USER PSI','','','L'),(958,'MAGANG 4','      ','','L'),(959,'MAGANG 5','      ','','L'),(960,'Yusthin M. Manglapy','Dwarawati V No.10 ','','L'),(961,'Tiara Fani','      Jl. Plamongan Permai 1 no. 377 Perum, Plamongan Hijau, Pedurungan, Semarang','0246716694','L'),(962,'Stefanus Santosa','Jl. Sekip III/ 20, Tembalang, Semarang','','L'),(963,'I Ketut Surajaya','','','L'),(964,'Dhea Raniasti','      Nangka Selatan No 14','','L'),(965,'PRIMADHANI KARTANA PUTRI','      ','','L'),(966,'Puput Trihantoro Ardi','Sentul RT 02 RW 02','','L'),(967,'MAGANG PSI 1','','','L'),(968,'MAGANG PSI 2','','','L'),(969,'Amalia Faoziah','','','L'),(970,'MAGANG PSI 3','','','L'),(971,'Arfian Hidayat','Jl. Menoreh Tengah XII Sampangan','','L'),(972,'FERRY WAHYU S','Semarang','','L'),(973,'NURCHAYATI','JL HOS. COKROAMINOTO 343 UNGARAN','0246923259','L'),(974,'IMAM NURYANTO','JL.SUNAN KALIJAGA, BINTORO DEMAK 59511           ','','L'),(975,'IMAM NURYANTO','JL.SUNAN KALIJAGA, BINTORO DEMAK 59511           ','','L'),(976,'Diana Aqmala','JL CANDI PERSIL 440 SEMARANG 50253','0248443987','L'),(977,'TIM PENGAMPU ENTREPRENEURSHIP FBS','','','L'),(978,'Rahmawati Sukmaningrum','','','L'),(979,'B.J Ridwan Hartono','','02470266206','L'),(980,'Ahmad Adib','','','L'),(981,'Imanuel Harkespan','Aspol Kalisari Blok XIIA No.11 Jl. Gisiksari Raya Semarang','','L'),(982,'Fauzi Adi Rafrastara','Jl. Taman Borobudur Timur II No. 23 RT 09 RW 10','-','L'),(983,'Ferda Ernawan','','','L'),(984,'Deasty Mundarwati','JL DEWI SARTIKA BARAT 5/4 SEMARANG','','L'),(985,'Prayanto Widyo Harsanto','','','L'),(986,'Bejo Riyanto','','','L'),(987,'Sri Andriani','','','L'),(988,'Tatik Suyarti','','','L'),(989,'DHEA RANIASTI','Jl. Nangka Seatan no.14 Semarang','','L'),(990,'PDT. ANDREAS SOEROTO','','','L'),(991,'Deni Setiyanto','','','L'),(992,'Rama Aria Megantara','Jl.Potrosari III No.6b','0247464783','L'),(993,'WIBOWO WICAKSONO','JL. ROROJONGGRANG XII NO.02 RT.01 RW.13        ','02470432271','L'),(994,'H. Ghufron Abdullah','','','L'),(995,'I DEWA BAGUS BUDRA','','','L'),(996,'Rubi Murtanto','','','L'),(997,'Farrikh Al Zami','Jl Arjuna 12','','L'),(998,'Ratna Putri Indrasari M','      ','','L'),(999,'CHRISTYAN WISNU WARDHANA','PONDOK MAJAPAHIT I BLOK KK NO.26','02476728465','L'),(1000,'Lukas Yulianto','Jl. Tampomas 1/8','02491372309','L'),(1001,'Eko Pujianto','','','L'),(1002,'ILYAS SUTRISNO','jln.kimar v no 264A RT 03/RW 02 Semarang','','L'),(1003,'Muhammad Riyadi','JL. SEMERU RAYA NO 3 SEMARANG RT 01/RW 07','','L'),(1004,'Rohmad Kusairi','JL. BROTOJOYO SELATAN 1/37','0243587921','L'),(1005,'Yohanes Doni Santoso',' jl.sanggung raya no 168 RT 06/RW 06','','L'),(1006,'Tektona yoga Diah Handita','','','L'),(1007,'Deni Catur Setiyanto','     Jl. Banget Prasetya V/193','','L'),(1008,'Sya\'roni','JL. NAKULA 1 NO.23 RT 004 RW 002      ','','L'),(1009,'Fauzi Adi Rafrastara','Jl. Taman Borobudur Timur II No. 23 RT 09 RW 10','','L'),(1010,'Ferda Ernawan','      ','','L'),(1011,'Indra Gamayanto','      ','','L'),(1012,'Christy Atika Sari','Jl Pusponjolo Timur I/11','','L'),(1013,'Vilda Ana Veria Setyawati','Sidomulyo RT 14/IV,NGANDUL,SUBERLAWANG,SRAGEN','','L'),(1014,'Agus Triyono','Permata Hijau D9 Pabelan, Salatiga','02983420799','L'),(1015,'HARGYO TRI NUGROHO','      ','','L'),(1016,'INNA WIDIANINGRUM','                  ','02470045511','L'),(1017,'Kismi Mubarokah','      JL.MERPATI TIMUR NO 7A RT.09/09 ','02470297080','L'),(1018,'DE ROSAL, IGN. MOSES S.','Jl Jangli Krajan I/B 25 RT2 RW6 Semarang','0248442622','L'),(1019,'Enny Susilowati M.','Perum BSB GTB Blok D 6/12 B,BOUGENVILE IV, KEDUNG PANE SEMARANG','','L'),(1020,'Septiana Purwaningsih','            KUMUDASMORO SELATAN RT.01 RW.05 GISIKDRONO SEMARANG BARAT 50149','','L'),(1021,'Dyana Swastika Nugraheni','      Jl. Jangli Tlawah Rt. 02 Rw. IX no. 29 Semarang.50254','0248447169','L'),(1022,'Rubiyono','      ','','L'),(1023,'Aprilianti Nastiti Ariwardani','Jl. Singosari III no.14       ','','L'),(1024,'HAJAR LAILA NUR FAJRIN','Jl. Gondang Timur IV No. 17','','L'),(1025,'LISA ANGELINA','','','L'),(1026,'THOMAS A. PUDJI APSORO','','','L'),(1027,'adji subchan','','','L'),(1028,'magang1','','','L'),(1029,'Nursalim','TAMBAKAJI RT 002 RW 001','02491034381','L'),(1030,'Mieke Marantika','','','L'),(1031,'Dwi Ratna Lestiani','','','L'),(1032,'MAGANG BIAK I','','','L'),(1033,'MAGANG BIAK II','','','L'),(1034,'MAGANG FIK','','','L'),(1035,'Auria Farantika Yogananti','','','L'),(1036,'Imanuel Harkespan','ASPOL KALISARI BLOK XII A NO. 11 JALAN GISIK SARI RAYA   ','','L'),(1037,'Peni Kustiati','JL. Tanjungsari IV No. 08 ','0247478328','L'),(1038,'Pujiati Alim','JL. Watuwila III Blok DIX No. 11 Perum Permata Puri','','L'),(1039,'Pipiet Furisari','','','L'),(1040,'Erwan Tirta','','','L'),(1041,'Roy Cahyo Putranto','','','L'),(1042,'Mas Sulis Setiyono','Gunden,Balak,Cawas, Klaten','','L'),(1043,'Testiana Deni Wijayatiningsih','Aspol Kalisari Blok 1/6 Barusari Semarang','','L'),(1044,'BPD Jateng Udinus','','','L'),(1045,'Muhimatul Ifadah','Gogik Rt.08/1 Ungaran Barat','02470433567','L'),(1046,'NUR ROKHMAN','Desa Karangayar Rt01 Rw 03 ','','L'),(1047,'NIKEN MIEWAHYUNI','Perum Wolter Monginsidi Baru Kav.14 Pedurungan ','','L'),(1048,'MUSTAGFIRIN','Ds. Bonangrejo Kec.Bonag','','L'),(1049,'PURI SULISTIYAWATI','Jl. Bima I no. 16 Semarang','','L'),(1050,'ALI MUQODDAS','Gisikusuma 03/03 Banyumeneng Mranggen Demak','','L'),(1051,'AHMAD AKROM','Jl. Nyai Ringgit Rt.07/04 Ds.Cabean Demak','','L'),(1052,'ANDHIKA WIRA UTAMA NAING','Jl. Arya Mukti Selatan IV No.791','','L'),(1053,'DWI PUJI PRABOWO','Jl. Kapuas 20C Kedung Jenar Blok.4','','L'),(1054,'DIMAS IRAWAN','Troso Rt.4/3 Pecangaan Jepara','','L'),(1055,'LEONARDO LUDWIG K','','','L'),(1056,'DEDDY AWARD WIDYA LAKSANA','Jl. Gayamsari IVA/53 Semarang','0246706846','L'),(1057,'NUR FARIH HAKIM','','','L'),(1058,'Catur Supriyanto','Jl. bukit Anggrek IV No. 89 Blok B. Perumnas Sendangmulyo','','L'),(1059,'Ricardus Anggi Pramunendar','Pedurungan Tengah III no 15','0246730794','L'),(1060,'Edy Hartono','Erlangga Tengah IV No.8 Semarang','','L'),(1061,'Rr.Indriana Permata','','','L'),(1062,'Teguh Santoso','JL JATIKUCUMAN 1 NO. 24 RT 07/03 MRANGGEN, DEMAK','','L'),(1063,'Auria Farantika Yogananti','','','L'),(1064,'Khamadi','','','L'),(1065,'Dzuha Hening Yanuarsari','','','L'),(1066,'Noor Hasyim','','','L'),(1067,'Toto Hariyadi','','','L'),(1068,'Abi Seno Prabowo','','','L'),(1069,'Godham Eko Saputro','','','L'),(1070,'Drs. H. Isa Anshori ','Jl. Arya Mukti timur VII/305 Pedurungan Semarang','0246712804','L'),(1071,'Sugiyo','jl langgar Deprok I','0246591198','L'),(1072,'Defri Kurniawan','jln gaharu raya no 28, banyumanik','','L'),(1073,'Naiza Rosalia','Jl. Pondok Bukit Agung Blok L/32 Bukitsari Semarang','','L'),(1074,'Romi Satria Wahono','','','L'),(1075,'Solichul Asro','JL WOLOGITO TENGAH RAYA NO 88 RT 07/VII','','L'),(1076,'Dyah Nirmala Arum Janie','Jl Tegalsari rt1 / rw10 semarang','0248446821','L'),(1077,'Putu Diah Kanserina','Jl. Kendeng III/26 Semarang','','L'),(1078,'Dwi Destriani','Jl. Dewi Sartika Barat 2 Rt.4/3 Semarang','0248445374','L'),(1079,'Tektona Yoga Diah Hanindita','','','L'),(1080,'ANNAS MARZUKI SULAIMAN','Anggorosari Rt.03 Rw.1 Pulisen, Boyolali 57316                               ','0276322224','L'),(1081,'FAHMI FATKHOMI','Jl. Dewi Sartika Timur No.33 Rt.5 Karangrejo Gunung Pati','','L'),(1082,'Sujiwo Danu Prasetyo','Perum Argamas Barat No.418 Salatiga','','L'),(1083,'Dwi Purnomo','','','L'),(1084,'EDY WIBOWO','Jalan Taman Siswa, Sekaran Gunungpati Semarang','','L'),(1085,'Umi Sholikhah','','','L'),(1086,'Charis Maulana','Tegowanu Kulon ','','L'),(1087,'Choirul Anam','Jl. taman Aryamukti Timur 7 No.190','02470439232','L'),(1088,'Gabriel Unik Mekanika Purbandani','','','L'),(1089,'Filia Ozaliana Ulfah','JL.GIRI MUKTI I/98 RT 07 RW 23 PERUMAHAN GRAHA MUKTI','6702714','L'),(1090,'DYAN FALASIFA TSANI','','','L'),(1091,'Dian Arif','','','L'),(1092,'Didik Suwarsono','JL TAMAN KARONSIH I/1098 NGALIYAN SEMARANG','','L'),(1093,'Dodi','','','L'),(1094,'DODY ISKANDAR','','','L'),(1095,'Dody Iskandar','Gedawang Pesona Asri A-16 Banyumanik','','L'),(1096,'Desi Pratiwi','','','L'),(1097,'Jakub Taniwidjaja','Grand Marina 6/12','0247610039','L'),(1098,'Sutikno','','','L'),(1099,'Tim Seminar Broadcasting','','','L'),(1100,'Erdhi Widyarto','','','L'),(1101,'Sigit Poernomo','SAPTA MARGA II/164','','L'),(1102,'Erdhi Widyarto Nugroho','','','L'),(1103,'MAGANG ENTREPRENEURSHIP','','','L'),(1104,'MAGANG2','','','L'),(1105,'BPD Jateng Udinus 2','','','L'),(1106,'Lilis Setyowati','Karang Sambung RT.07 RW.03','','L'),(1107,'Lilis Khusniati','','','L'),(1108,'Unik Nidya Harustaati','Jl. Bima','','L'),(1109,'Guruh Fajar Shidik','Graha Estetika, Jl Prima Selatan E6','','L'),(1110,'MAGANG BIAK III','','','L'),(1111,'I Ketut Swakarma','Terban GK5/218 Yogyakarta','','L'),(1112,'andrian songo','','','L'),(1113,'Purwantoro','  JL. UNGARAN IV/299A SEMARANG 50252                        ','02470171787','L'),(1114,'DIAH SOELISTYOWATI','PERUM PESONA HARAPAN  H-1 RT 02 RW 06  YOGYAKARTA                                                                ','02440134020','L'),(1115,'DWIYONO ARIFIYANTO','PERUM. TAMAN PURI SARTIKA BLOK G NO. 8','02470141682','L'),(1116,'Wikan Isthika','','','L'),(1117,'R. Narotama','','','L'),(1118,'Syafi\'i','','','L'),(1119,'Muhammad Sidiq','','','L'),(1120,'Adi Brahmana','','','L'),(1121,'Edi Wibowo','','','L'),(1122,'Galuh Paramita Swasti ','','','L'),(1123,'Halimatus Sa\'diyah','','','L'),(1124,'Eka Maharani','Jl. Panda Raya No. 77A','','L'),(1125,'Estri Irawati','Jl. Wates RT.07 / RW. 01 Ngaliyan ','08122914546','L'),(1126,'Andriani','Jl. Bukit Kelapa Sawit VII Blok AE No. 6','08122803166','L'),(1127,'Michael Kalla','','','L'),(1128,'Hermawan Triono','','','L'),(1129,'UMUM','','','L'),(1130,'Umi Handayani','','','L'),(1131,'YUSTIONO','            ','','L'),(1132,'Diah Soelistyowati','PERUM PESONA HARAPAN  H-1 RT 02 RW 06  YOGYAKARTA                                                                ','02440134020','L'),(1133,'Nina Setyaningsih','Jl Mlatibaru III /23 Semarang         ','0243548029','L'),(1134,'R. Hadapiningradja Kusumodestoni','Jl. KH. Hasyim As\'ari no.3 Ungaran','','L'),(1135,'Riyana Dewi','','','L'),(1136,'Misbakhul Munir','','','L'),(1137,'Ika Novita Dewi','','','L'),(1138,'Fajar Agung Nugroho','Jl Badak X no 5','','L'),(1139,'Fahri Firdausillah','Jl. Raya Tahunan Jepara No.18 RT 02/03','08989987517','L'),(1140,'Aisyatul Karima','','','L'),(1141,'Erwin Yudi Hidayat','Gemuruh RT 03 RW 02','','L'),(1142,'Erika Devi Udyanti','','','L'),(1143,'Adhitya Nugraha','JL. BUKIT ANGGREK NO. 1 RT 10/IX, UNGARAN BARAT','085640577111','L'),(1144,'Fajrian Nur Adnan','Jl. Sendangguwo Legok RT.09/RW.09','','L'),(1145,'Iky Putri Aristya','','','L'),(1146,'Iky Putri Aristya','','','L'),(1147,'FANDI GILANG WIJANARKO','Jl. Kapuas 20C Kedung Jenar Blok.4','','L'),(1148,'MOELJONO DJOYOMARTONO','','','L'),(1149,'EDY WIBOWO','Jl. Taman Siswa RT2/RW2','','L'),(1150,'TIM PENGAMPU DASAR PEMROGRAMAN FIK','','','L'),(1151,'TIM PENGAMPU PA/TA FIK','      ','','L'),(1152,'TIM PENGAMPU DASAR PEMROGRAMAN','      ','','L'),(1153,'Annas Marzuki Sulaiman','Anggorosari Rt.03 Rw.1 Pulisen, Boyolali 57316                               ','0276322224','L'),(1154,'Romo Servasius Samuel','','','L'),(1155,'Tim Pengampu BK  FEB','','','L'),(1156,'Ali Maskur','','','L'),(1157,'Winto Praditya','','','L'),(1158,'MAGANG PMB BIAK I','','','L'),(1159,'MAGANG PMB BIAK II','','','L'),(1160,'Lira Zohara','','','L'),(1161,'Diana Aqmala','','','L'),(1162,'','','','L'),(1163,'','','','L'),(1164,'Romo Servasius Samuel','','','L'),(1165,'MAGANG_1','','','L'),(1166,'Sigit Susilo Aji','','','L'),(1167,'Widodo','','','L'),(1168,'Teguh AsPri Lab','','','L'),(1169,'MAGANG PSI 4','','','L'),(1170,'xxx','','','L'),(1171,'Dwi Setyorini','','','L'),(1172,'Tajima Akemi','','','L'),(1173,'Shinohara Misaki','','','L'),(1174,'Tabata Yuko','','','L'),(1175,'Ahdi Riyono','','','L'),(1176,'Rufaida Nur Rostika','Perumahan KORPRI Payung Prasetya Gang 13 no 2','02470919212','L'),(1177,'Rias Arimukti Kaiden Wilujeng','','','L'),(1178,'Eko Budi Setiawan','','','L'),(1179,'Sugeng Ariyono',' Bukit KElapa Sawai III AJ 08 Bukit Kencana','','L'),(1180,'ACHMAD BACHRUN','','','L'),(1181,'SUGIARTO','','','L'),(1182,'Rahmanti Asmarani','Jl. Beruang Barat VIII/ 9a','024-6705657','L'),(1183,'Tatik Suyarti','','','L'),(1184,'Tri Widayati','','','L'),(1185,'Camilius Isodorus Ikut','','','L'),(1186,'M. Agus Baharudin','','','L'),(1187,'Muyasaroh','','','L'),(1188,'Ota Ribeka','','','L'),(1189,'M. TABIB K','','','L'),(1190,'JATMIKO ENDRO SUSENO','','','L'),(1191,'JUNTA ZENIARJA','','','L'),(1192,'SONEF RIYADI','','','L'),(1193,'THOHIR LUTHFI','','','L'),(1194,'MILATINA','','','L'),(1195,'EKO HARI RACHMAWANTO','','','L'),(1196,'ARDYTHA LUTHFIARTA','','','L'),(1197,'Widiyatmoko','','','L'),(1198,'Rickson H. Simanjuntak','Jl. Sadewa I No. 18','0243582700','L'),(1199,'Rickson H. Simanjuntak','Jl. Sadewa I No. 18','0243582700','L'),(1200,'ANA KADARNINGSIH','','','L'),(1201,'ANA KADARNINGSIH','','','L'),(1202,'RUDI KURNIAWAN','Plamongan Indah Blok H3 No.9','024-6746974','L'),(1203,'WINTO PRABOWO','','','L'),(1204,'Erisa Adyati Rahmasari','','','L'),(1205,'Junta Zeniarja','','','L'),(1206,'Eko Hari Rachmawanto','','','L'),(1207,'Ardytha Luthfiarta','Jl. Genuk Karanglo No. 11 RT 03 RW 02 Semarang 50251','024-86453321','L'),(1208,'Irawati','','','L'),(1209,'RETMA SARI','','','L'),(1210,'GRITA ISMARINGGA','','','L'),(1211,'Firmanul Catur Wibowo','','','L'),(1212,'Jatmiko Endro Suseno','','','L'),(1213,'Guguh (Magang TU FIK)','','','L'),(1214,'Zaenal Arifin','Jangli Krajan Blok E/15','','L'),(1215,'Widijatmoko','','','L'),(1216,'Sucianna Ghadati Rabiha','','','L'),(1217,'Meila Izzana','','','L'),(1218,'Amin (Magang TU FIK)','','','L'),(1219,'De Rosal Ignatius Moses Setiadi','Jl Jangli Krajan I/B 25 RT2 RW6 Semarang','0248442622','L'),(1220,'Susilo','','','L'),(1221,'Hamdan Hadi Kusuma','','','L'),(1222,'Edy Dainuri Anwar','','','L'),(1223,'RAULY  SIJABAT','','','L'),(1224,'Suyanto','','','L'),(1225,'R. Heru Tjahjana','','','L'),(1226,'Agus Setiawan','','','L'),(1227,'Sigit Setiawan','','','L'),(1228,'International Class','','','L'),(1229,'Hayu Wikan Kinasih','','','L'),(1230,'Rhodiana Ayu Falasifa Ramadhani','','','L'),(1231,'Hudi Aryuni','','','L'),(1232,'Nisa Ul Hafidhoh','','','L'),(1233,'Suwarno','','','L'),(1234,'Sulistiyanto','','','L'),(1235,'Ratna Putri Indrasari M., SH. ,M.KN','      ','','L'),(1236,'Agus Perry Kusuma','JL PUCANG GEDE III/41-43\nBUMI PUCANG GADING\n                               ','','L'),(1237,'Dwi Purnomo Buwono','','','L'),(1238,'ARDYTHA LUTHFIARTA','','','L'),(1239,'Anton Setyawan','','','L'),(1240,'Anton Suprapto','','','L'),(1241,'Dedy Setyawan','','','L'),(1242,'Fahmi Ardhi Nugroho','','','L'),(1243,'Zusuf Pradana','','','L'),(1244,'Muhammad Fauzi','','','L'),(1245,'Rudi Tjahyono','Jl. Menoreh Utara IV/8                  ','02470274455','L'),(1246,'Melati Oktaviani','','','L'),(1247,'Antonius Probo Risang Murti, S.Kom','TEGAL SARI RT:01-RW:16 SRAGEN KULON','0271-890858','L'),(1248,'Syauqi Mubarrok','','','L'),(1249,'Nova Dwi Kurniawan','','085225133334','L'),(1250,'Pipiet Furisari','','','L'),(1251,'Didit Aryanto','','','L'),(1252,'MAGANG PMB PSI I','','','L'),(1253,'MAGANG PMB PSI II','','','L'),(1254,'','','','L'),(1255,'Tim Pengampu KP DKV','','','L'),(1256,'Endang Diyah Ikasari','','','L'),(1257,'AGUNG PRAJANTO','','','L'),(1258,'Sabar Imam Santoso','                        ','','L'),(1259,'Liswanto','JL. BOROBUDUR UTARA XII RT 008 RW 003                         ','','L'),(1260,'Trias Madanika Kusumaningrum','','','L'),(1261,'Amron','','','L'),(1262,'Erdi Susanto','','','L'),(1263,'Teguh Imam H','','','L'),(1264,'Andy Herdik Wijaya','','','L'),(1265,'VALENTINUS','','','L'),(1266,'WISNU WIDI SUKMONO','','','L'),(1267,'NOVITA KURNIA NINGRUM','','','L'),(1268,'Eko Prasetiyo Julianto','','','L'),(1269,'Yuka Sugiyama','','','L'),(1270,'Hendri Hermawan Adinugraha','','','L'),(1271,'Hendri Hermawan Adinugraha','','','L'),(1272,'Laily Hermawanti','','','L'),(1273,'Suciani Ghadatti','','','L'),(1274,'Nova Dwi Kurniawan','','','L'),(1275,'Arfian Hidayat','','','L'),(1276,'Adiprana Yogatama','','','L'),(1277,'Wisnu Widi Sukmono','','','L'),(1278,'Dina Puspita','','','L'),(1279,'Valentinus Galih Vidia Putra','','','L'),(1280,'Tri Ernawati (PMB 001)','','','L'),(1281,'Arum Amalia (PMB 002)','','','L'),(1282,'Mila Novi A (PMB 003)','','','L'),(1283,'Pindan Jati Kusuma (PMB 004)','','','L'),(1284,'Willy Dozan (PMB 005)','','','L'),(1285,'Wise Herowati (PMB 006)','','','L'),(1286,'Raditya Faisal Wailulu (PMB 007)','','','L'),(1287,'Doddy Galih Nugroho (PMB 008)','','','L'),(1288,'Amron','Jl. Arjuna no. 59','','L'),(1289,'Puspito Rini','','','L'),(1290,'Ariyanti','','','L'),(1291,'Rr. Ajeng Putri Maharani','','','L'),(1292,'Sri Ambarwati','','','L'),(1293,'Agil Setiawan','','','L'),(1294,'Ahmad Mundolal','','','L'),(1295,'Dyah Irawati','','','L'),(1296,'Endang Budiyanti','','','L'),(1297,'Rachmat Budiharjo','','','L'),(1298,'V. Dwi Kuntari Jatiningsih','','','L'),(1299,'Yekti Wirowani','','','L'),(1300,'Antonius Probo Risang Murti','','','L'),(1301,'Kaisar Heru A.P.','','','L'),(1302,'Arief Hermanto','','','L'),(1303,'Satrio Wicaksono','','','L'),(1304,'Muchammad Eko Windarto','','','L'),(1305,'Aufi Adawiyah Ditakesti','','','L'),(1306,'Fahry Tyas Sakti Risky','','','L'),(1307,'Adianta Wahyu Triatmaja','','','L'),(1308,'Mustika Noor Eva Triana','','','L'),(1309,'Atalya Citra Wijaya','','','L'),(1310,'Ari Setyobudi','','','L'),(1311,'Panji Rochmat Aprizal','','','L'),(1312,'Ari Kurniawan','','','L'),(1313,'Kaisar Heru A.P.','','','L');

/*Table structure for table `khs` */

DROP TABLE IF EXISTS `khs`;

CREATE TABLE `khs` (
  `id` int(10) unsigned NOT NULL AUTO_INCREMENT,
  `jadwal_mahasiswa_id` int(10) unsigned NOT NULL DEFAULT '0',
  `grade_id` int(10) unsigned NOT NULL DEFAULT '0',
  PRIMARY KEY (`id`),
  KEY `jadwal_mahasiswa_id` (`jadwal_mahasiswa_id`),
  KEY `grade_id` (`grade_id`)
) ENGINE=InnoDB AUTO_INCREMENT=13 DEFAULT CHARSET=latin1;

/*Data for the table `khs` */

insert  into `khs`(`id`,`jadwal_mahasiswa_id`,`grade_id`) values (1,1,2),(2,4,3),(3,2,3),(4,5,4),(5,3,1),(6,6,2),(7,7,4),(8,8,4),(9,9,3),(10,10,5),(11,11,4),(12,12,3);

/*Table structure for table `konfirmasi_pembayaran` */

DROP TABLE IF EXISTS `konfirmasi_pembayaran`;

CREATE TABLE `konfirmasi_pembayaran` (
  `id` int(10) unsigned NOT NULL AUTO_INCREMENT,
  `calon_mahasiswa_id` int(10) unsigned NOT NULL DEFAULT '0',
  `tgl_konfirmasi` datetime DEFAULT '0000-00-00 00:00:00',
  `no_transaksi_transfer` varchar(255) DEFAULT '',
  `bank` varchar(255) DEFAULT '',
  `status` enum('request','accept','reject') DEFAULT 'request',
  `tgl_validasi` datetime DEFAULT '0000-00-00 00:00:00',
  `karyawan_id` int(10) unsigned NOT NULL DEFAULT '0',
  PRIMARY KEY (`id`),
  KEY `calon_mahasiswa_id` (`calon_mahasiswa_id`),
  KEY `karyawan_id` (`karyawan_id`)
) ENGINE=InnoDB AUTO_INCREMENT=6 DEFAULT CHARSET=latin1;

/*Data for the table `konfirmasi_pembayaran` */

insert  into `konfirmasi_pembayaran`(`id`,`calon_mahasiswa_id`,`tgl_konfirmasi`,`no_transaksi_transfer`,`bank`,`status`,`tgl_validasi`,`karyawan_id`) values (1,10,'2013-05-24 05:40:56','1232421412412','udin','accept','2013-05-25 10:02:12',1),(2,3,'2013-05-27 20:01:24','937469238468923','mandiri','reject','2013-05-27 20:02:21',1),(3,3,'2013-05-27 20:04:26','9462398432873','mandiri','accept','2013-05-27 20:04:46',1),(4,7,'2013-05-28 20:22:57','75847583465347','Danamon','accept','2013-05-28 20:23:29',1),(5,1203,'2013-06-08 15:15:07','898753487867','BCA','accept','2013-06-08 15:35:49',1);

/*Table structure for table `mahasiswa` */

DROP TABLE IF EXISTS `mahasiswa`;

CREATE TABLE `mahasiswa` (
  `id` int(7) NOT NULL AUTO_INCREMENT,
  `tanggal_daftar_ulang` datetime DEFAULT NULL,
  `tanggal_register` datetime DEFAULT NULL,
  `nim` varchar(30) NOT NULL DEFAULT '',
  `nama` varchar(255) NOT NULL,
  `tempat_lahir` varchar(255) NOT NULL,
  `tgl_lahir` date DEFAULT NULL,
  `jenis_kelamin` enum('P','L') NOT NULL,
  `propinsi_id` int(5) NOT NULL,
  `kota_kab_id` int(5) NOT NULL,
  `kodepos` int(7) DEFAULT NULL,
  `alamat` varchar(255) NOT NULL,
  `telp` varchar(30) DEFAULT NULL,
  `asal_sekolah` varchar(50) DEFAULT NULL,
  `transkrip_nilai` decimal(3,2) DEFAULT NULL,
  `nilai_ujian` decimal(3,2) DEFAULT NULL,
  `programstudi_kode` varchar(12) NOT NULL,
  `email` varchar(30) NOT NULL,
  `password` varchar(255) NOT NULL DEFAULT '',
  `tahun_masuk` year(4) NOT NULL,
  `tahun_lulus` year(4) NOT NULL,
  `status_siswa` enum('cuti','non-aktif','aktif') NOT NULL DEFAULT 'aktif',
  `last_update` timestamp NULL DEFAULT CURRENT_TIMESTAMP ON UPDATE CURRENT_TIMESTAMP,
  PRIMARY KEY (`id`),
  KEY `status_siswa_id` (`status_siswa`)
) ENGINE=InnoDB AUTO_INCREMENT=10 DEFAULT CHARSET=latin1;

/*Data for the table `mahasiswa` */

insert  into `mahasiswa`(`id`,`tanggal_daftar_ulang`,`tanggal_register`,`nim`,`nama`,`tempat_lahir`,`tgl_lahir`,`jenis_kelamin`,`propinsi_id`,`kota_kab_id`,`kodepos`,`alamat`,`telp`,`asal_sekolah`,`transkrip_nilai`,`nilai_ujian`,`programstudi_kode`,`email`,`password`,`tahun_masuk`,`tahun_lulus`,`status_siswa`,`last_update`) values (1,'2013-05-31 00:52:58','2013-05-28 19:41:16','2013-FIK-TI-007','Nawang','Pati','1998-05-28','L',12,99,51127,'Jl. Sudirman 12','0811254657','SMA Pati','8.50','7.00','FIK-TI','nawang@yahoo.com','nawang01',2013,0000,'aktif','2013-06-04 20:11:15'),(2,'2013-05-31 20:02:31','2013-05-28 18:02:57','2013-FIK-TI-008','Kartika','Semarang','1998-05-23','P',12,2,50138,'Jl. Nangka V/28','081390763774','SMA Semarang','7.75','8.00','FIK-TI','kartika@gmail.com','kartika01',2013,0000,'aktif','2013-06-04 20:18:33'),(3,'2013-06-01 12:27:14','2013-05-29 09:28:03','2013-FIK-SI-004','Jhony Andrean','Semarang','1998-06-21','L',12,2,50127,'Jl. Abimanyu 115','0822834759','SMA Bina Nusantara','9.25','7.50','FIK-SI','jhony@ymail.com','jhony01',2013,0000,'aktif','2013-06-04 20:28:30'),(4,'2013-06-01 11:27:30','2013-05-29 10:28:30','2013-FIK-SI-005','Niken Sari','Bogor','1998-08-17','P',10,80,33120,'Jl. Bogor Indah 85','0875208312','SMK Nusa Bangsa','8.00','8.00','FIK-SI','niken@yahoo.co.id','niken01',2013,0000,'aktif','2013-06-04 20:29:27'),(5,'2013-05-30 08:27:40','2013-05-30 09:28:43','2013-FIK-SI-006','Rima Melati','Bandung','1998-02-14','P',10,81,38012,'Perum Mutiara Perma B21/315','0857367654','SMA Negeri 5','8.50','8.25','FIK-SI','lovelypolly@gmail.com','l0v3l4p0ll4',2013,0000,'aktif','2013-06-04 20:29:01'),(6,'2013-06-01 10:29:02','2013-05-30 12:29:27','2013-FIK-TI-009','Ryan Saputra','Bogor','1998-06-01','L',10,80,33254,'Jl. Amelia 7','08112776480','SMK Nusa Bangsa','7.50','7.75','FIK-TI','ryan_nagata@yahoo.com','ryan01',2013,0000,'aktif','2013-06-04 20:30:08'),(7,'2013-05-30 08:31:28','2013-06-04 11:32:05','2013-FIK-TI-010','Juminten Watik','Surabaya','1998-01-30','P',13,4,63375,'Jl. Bedakan 10','0858023456','SMA Pertiwi','8.50','6.50','FIK-SI','juminta@gmail.com','juminten01',2013,0000,'aktif','2013-06-04 20:40:02'),(8,'2013-05-30 11:31:42','2013-06-04 10:32:17','2013-FIK-TI-011','Muhaiminah','Surabaya','1998-03-22','P',13,4,63451,'Jl. Kijang BXII/8','0811288298','SMA Negeri 27','7.00','7.00','FIK-SI','muhaiminah@ymail.com','mimin01',2013,0000,'aktif','2013-06-04 20:40:11'),(9,'2013-05-30 10:31:52','2013-06-01 13:32:30','2013-FIK-TI-012','Sugeng Yulianto','Surabaya','1998-10-09','L',13,4,63021,'Jl. Manohara 113','08112775095','SMA Negeri 15','8.75','7.25','FIK-SI','sugeng@gmail.com','sugeng01',2013,0000,'aktif','2013-06-04 20:40:26');

/*Table structure for table `mahasiswa_copy` */

DROP TABLE IF EXISTS `mahasiswa_copy`;

CREATE TABLE `mahasiswa_copy` (
  `id` int(10) unsigned NOT NULL AUTO_INCREMENT,
  `nim` char(5) NOT NULL DEFAULT '',
  `tahun_masuk` year(4) DEFAULT NULL,
  `tahun_lulus` year(4) DEFAULT NULL,
  `password` varchar(255) DEFAULT '',
  `status_siswa_id` tinyint(10) unsigned NOT NULL DEFAULT '0',
  `calon_mahasiswa_id` int(10) unsigned NOT NULL,
  `email` varchar(255) DEFAULT NULL,
  PRIMARY KEY (`id`),
  KEY `status_siswa_id` (`status_siswa_id`),
  KEY `mahasiswa_ibfk_4` (`calon_mahasiswa_id`)
) ENGINE=InnoDB AUTO_INCREMENT=72 DEFAULT CHARSET=latin1;

/*Data for the table `mahasiswa_copy` */

insert  into `mahasiswa_copy`(`id`,`nim`,`tahun_masuk`,`tahun_lulus`,`password`,`status_siswa_id`,`calon_mahasiswa_id`,`email`) values (1,'00001',2013,NULL,'00001',1,10,NULL),(2,'00002',2013,NULL,'00002',1,11,''),(3,'00003',2013,NULL,'00003',1,12,NULL),(4,'00004',2013,NULL,'00004',1,13,NULL),(5,'00005',2013,NULL,'00005',1,14,NULL),(6,'00006',2013,NULL,'00006',1,15,NULL),(7,'00007',2013,NULL,'00007',1,16,NULL),(8,'00008',2013,NULL,'00008',1,17,NULL),(9,'00009',2013,NULL,'00009',1,18,NULL),(10,'00010',2013,NULL,'00010',1,19,NULL),(11,'00011',2013,NULL,'00011',1,20,NULL),(12,'00012',2013,NULL,'00012',1,21,NULL),(13,'00013',2013,NULL,'00013',1,22,NULL),(14,'00014',2013,NULL,'00014',1,23,NULL),(15,'00015',2013,NULL,'00015',1,24,NULL),(16,'00016',2013,NULL,'00016',1,25,NULL),(17,'00017',2013,NULL,'00017',1,26,NULL),(18,'00018',2013,NULL,'00018',1,27,NULL),(19,'00019',2013,NULL,'00019',1,28,NULL),(20,'00020',2013,NULL,'00020',1,29,NULL),(21,'00021',2013,NULL,'00021',1,30,NULL),(22,'00022',2013,NULL,'00022',1,31,NULL),(23,'00023',2013,NULL,'00023',1,32,NULL),(24,'00024',2013,NULL,'00024',1,33,NULL),(25,'00025',2013,NULL,'00025',1,34,NULL),(26,'00026',2013,NULL,'00026',1,35,NULL),(27,'00027',2013,NULL,'00027',1,36,NULL),(28,'00028',2013,NULL,'00028',1,37,NULL),(29,'00029',2013,NULL,'00029',1,38,NULL),(30,'00030',2013,NULL,'00030',1,39,NULL),(42,'00031',2013,NULL,'00031',1,40,NULL),(43,'00032',2013,NULL,'00032',1,41,NULL),(44,'00033',2013,NULL,'00033',1,42,NULL),(45,'00034',2013,NULL,'00034',1,43,NULL),(46,'00035',2013,NULL,'00035',1,44,NULL),(47,'00036',2013,NULL,'00036',1,45,NULL),(48,'00037',2013,NULL,'00037',1,46,NULL),(49,'00038',2013,NULL,'00038',1,47,NULL),(50,'00039',2013,NULL,'00039',1,48,NULL),(51,'00040',2013,NULL,'00040',1,49,NULL),(52,'00041',2013,NULL,'00041',1,50,NULL),(53,'00042',2013,NULL,'00042',1,51,NULL),(54,'00043',2013,NULL,'00043',1,52,NULL),(55,'00044',2013,NULL,'00044',1,53,NULL),(56,'00045',2013,NULL,'00045',1,54,NULL),(57,'00046',2013,NULL,'00046',1,55,NULL),(58,'00047',2013,NULL,'00047',1,56,NULL),(59,'00048',2013,NULL,'00048',1,57,NULL),(60,'00049',2013,NULL,'00049',1,58,NULL),(61,'00050',2013,NULL,'00050',1,59,NULL),(62,'00051',2013,NULL,'00051',1,60,NULL),(63,'00052',2013,NULL,'00052',1,61,NULL),(64,'00053',2013,NULL,'00053',1,62,NULL),(65,'00054',2013,NULL,'00054',1,63,NULL),(66,'00055',2013,NULL,'00055',1,64,NULL),(67,'00056',2013,NULL,'00056',1,65,NULL),(68,'00057',2013,NULL,'00057',1,66,NULL),(69,'00058',2013,NULL,'00058',1,67,NULL),(70,'00059',2013,NULL,'00059',1,68,NULL),(71,'00060',2013,NULL,'00060',1,69,NULL);

/*Table structure for table `matakuliah` */

DROP TABLE IF EXISTS `matakuliah`;

CREATE TABLE `matakuliah` (
  `id` int(10) unsigned NOT NULL AUTO_INCREMENT,
  `fakultas_kode` char(10) NOT NULL DEFAULT '',
  `programstudi_kode` char(10) NOT NULL DEFAULT '',
  `dosenkoordinator_id` int(10) unsigned NOT NULL DEFAULT '0',
  `nama` varchar(255) DEFAULT '',
  `karyawan_id` int(10) unsigned NOT NULL DEFAULT '0',
  `semester` tinyint(1) NOT NULL DEFAULT '0',
  `keterangan` text,
  PRIMARY KEY (`id`),
  KEY `fakultas_kode` (`fakultas_kode`),
  KEY `programstudi_kode` (`programstudi_kode`),
  KEY `dosenkoordinator_id` (`dosenkoordinator_id`),
  KEY `karyawan_id` (`karyawan_id`)
) ENGINE=InnoDB AUTO_INCREMENT=67 DEFAULT CHARSET=latin1;

/*Data for the table `matakuliah` */

insert  into `matakuliah`(`id`,`fakultas_kode`,`programstudi_kode`,`dosenkoordinator_id`,`nama`,`karyawan_id`,`semester`,`keterangan`) values (1,'FIK','FIK-TI',1,'FISIKA I\r\n',5,1,'Sistem operasi (bahasa Inggris: operating system ; OS) adalah seperangkat program yang mengelola sumber daya perangkat keras komputer, dan menyediakan layanan umum untuk aplikasi perangkat lunak. Sistem operasi adalah jenis yang paling penting dari perangkat lunak sistem dalam sistem komputer. Tanpa sistem operasi, pengguna tidak dapat menjalankan program aplikasi pada komputer mereka, kecuali program aplikasi booting.'),(2,'FIK','FIK-TI',1,'TATA TULIS KARYA ILMIAH\r\n',7,1,'Tata tulis karya ilmiah ini akan mencakup penjelasan mengenai :\r\n1. Pendahuluan\r\n2. Tujuan\r\n3. Bagan Tulisan Ilmiah\r\n4. Petunjuk Umum Penulisan Karya Tulis Ilmiah\r\n5. Tata Tulis secara Umum'),(3,'FIK','FIK-TI',1,'DASAR PEMROGRAMAN\r\n',8,1,'Matakuliah ini membahas tentang tahapan pemrograman komputer terstruktur dan struktur logika dasar dalam pemrograman terstruktur untuk membuat algorithma pemrograman komputer terkait dengan persoalan komputasi matematika. Fokus matakuliah ini adalah bahasan tentang elemen dasar pemrograman terstruktur dan aplikasinya dalam penyusunan algorithma pemrograman komputer untuk berbagai komputasi matematik. Disamping itu juga diperkenalkan konversi dari algorithma ke kode bahasa pemrograman komputer tertentu seperti bahasa pemrograman Java.'),(4,'FIK','FIK-TI',2,'BAHASA INGGRIS I\r\n',9,1,''),(5,'FIK','FIK-TI',2,'AUDIO FOR MULTIMEDIA\r\n',10,1,''),(6,'FIK','FIK-TI',3,'KALKULUS I\r\n',11,1,''),(7,'FIK','FIK-TI',3,'FISIKA II\r\n',12,2,''),(8,'FIK','FIK-TI',4,'PENGANTAR RANGKAIAN ELEKTRIK\r\n',13,2,'Mata kuliah rangkaian elektronika akan membahas topik-topik meliputi: teori-teori dasar elektronika, pengenalan komponen-komponen sederhana seperti dioda, trioda, transistor, rangkaian-rangkaian elektronika sederhana, pengukuran dan teknik pengukuran, dan piranti komputer.'),(9,'FIK','FIK-TI',4,'KONSEP TEKNOLOGI\r\n',14,2,''),(10,'FIK','FIK-TI',5,'BAHASA INGGRIS II\r\n',15,2,''),(11,'FIK','FIK-TI',5,'KALKULUS II\r\n',16,2,''),(12,'FIK','FIK-TI',6,'ALGORITMA DAN PEMROGRAMAN\r\n',17,2,''),(13,'FIK','FIK-TI',6,'PRAK. ALGORITMA DAN PEMROGRAMAN\r\n',18,2,''),(14,'FIK','FIK-TI',7,'PROBABILITAS & STATISTIK\r\n',19,3,''),(15,'FIK','FIK-TI',7,'GEOGRAPHIC INFORMATION SYSTEM\r\n',20,3,''),(16,'FIK','FIK-TI',8,'MATRIKS & RUANG VEKTOR\r\n',21,3,''),(17,'FIK','FIK-TI',8,'KNOWLEDGE MANAGEMENT\r\n',22,3,''),(18,'FIK','FIK-TI',9,'ORGANISASI & ARSITEKTUR KOMPUTER\r\n',23,3,''),(19,'FIK','FIK-TI',9,'SISTEM DIGITAL\r\n',24,3,''),(20,'FIK','FIK-TI',10,'STRUKTUR DATA\r\n',25,3,''),(21,'FIK','FIK-TI',10,'MATEMATIKA DISKRIT\r\n',26,3,''),(22,'FIK','FIK-TI',11,'REKAYASA PERANGKAT LUNAK\r\n',27,4,''),(23,'FIK','FIK-TI',11,'MOBILE COMPUTING\r\n',28,4,''),(24,'FIK','FIK-TI',1,'BASIS DATA\r\n',29,4,''),(25,'FIK','FIK-TI',1,'PEMROGRAMAN ANIMASI DAN MULTIMEDIA\r\n',30,4,''),(26,'FIK','FIK-TI',2,'OTOMATA DAN TEORI BAHASA\r\n',31,4,''),(27,'FIK','FIK-TI',2,'STRATEGI ALGORITMA\r\n',32,4,''),(28,'FIK','FIK-TI',3,'SISTEM OPERASI\r\n',33,4,''),(29,'FIK','FIK-TI',3,'PEMROGRAMAN BERORIENTASI OBYEK\r\n',34,4,''),(30,'FIK','FIK-TI',4,'MANAJEMEN PROYEK\r\n',35,5,''),(31,'FIK','FIK-TI',5,'REAL TIME SYSTEM\r\n',36,5,''),(32,'FIK','FIK-TI',6,'PENDIDIKAN KEWARGANEGARAAN\r\n',37,5,NULL),(33,'FIK','FIK-TI',7,'SISTEM BASIS DATA\r\n',38,5,NULL),(34,'FIK','FIK-TI',8,'KOMPUTER GRAFIK\r\n',39,5,NULL),(35,'FIK','FIK-TI',9,'PEMROGRAMAN WEB\r\n',40,5,NULL),(36,'FIK','FIK-TI',10,'REKAYASA PERANGKAT LUNAK LANJUT\r\n',41,5,NULL),(37,'FIK','FIK-TI',11,'JARINGAN KOMPUTER\r\n',42,5,NULL),(38,'FIK','FIK-TI',12,'ILMU SOSIAL DASAR\r\n',43,6,NULL),(39,'FIK','FIK-TI',1,'MOBILE COMPUTING\r\n',44,6,NULL),(40,'FIK','FIK-TI',2,'KRIPTOGRAFI\r\n',45,6,NULL),(41,'FIK','FIK-TI',3,'KECERDASAN BUATAN\r\n',46,6,NULL),(42,'FIK','FIK-TI',4,'INTERAKSI MANUSIA DAN KOMPUTER\r\n',47,6,NULL),(43,'FIK','FIK-TI',5,'SISTEM INFORMASI\r\n',48,6,NULL),(44,'FIK','FIK-TI',6,'JARINGAN KOMPUTER LANJUT\r\n',49,6,NULL),(45,'FIK','FIK-TI',7,'METODOLOGI PENELITIAN\r\n',50,6,NULL),(46,'FIK','FIK-TI',8,'PEMROGRAMAN CLIENT SERVER\r\n',51,6,NULL),(47,'FIK','FIK-TI',9,'DASAR ENTREPRENEURSHIP\r\n',52,7,NULL),(48,'FIK','FIK-TI',10,'PENGANTAR MULTIMEDIA\r\n',53,7,NULL),(49,'FIK','FIK-TI',10,'KEAMANAN SISTEM KOMPUTER\r\n',54,7,NULL),(50,'FIK','FIK-TI',10,'VIDEO PROCESSING\r\n',55,7,NULL),(51,'FIK','FIK-TI',11,'ROBOTIKA\r\n',56,7,NULL),(52,'FIK','FIK-TI',12,'METODE NUMERIK\r\n',57,7,NULL),(53,'FIK','FIK-TI',12,'PEMODELAN DAN SIMULASI\r\n',58,7,NULL),(54,'FIK','FIK-TI',11,'SISTEM TERDISTRIBUSI\r\n',59,7,NULL),(55,'FIK','FIK-TI',13,'SOFTWARE QUALITY & TESTING\r\n',60,7,NULL),(56,'FIK','FIK-TI',14,'PENGOLAHAN CITRA\r\n',61,7,NULL),(57,'FIK','FIK-TI',15,'KERJA PRAKTEK\r\n',62,8,NULL),(58,'FIK','FIK-TI',16,'PEMROGRAMAN WEB LANJUT\r\n',63,8,NULL),(59,'FIK','FIK-TI',17,'BIMBINGAN KARIER\r\n',64,8,NULL),(60,'FIK','FIK-TI',18,'TUGAS AKHIR\r\n',65,8,NULL),(61,'FIK','FIK-TI',11,'BUSSINESS MANAGEMENT\r\n',66,8,NULL),(62,'FIK','FIK-TI',2,'NETWORK MANAGEMENT\r\n',67,8,NULL),(63,'FIK','FIK-TI',3,'NETWORK EXPLORATION\r\n',68,8,NULL);

/*Table structure for table `matkul_dosen` */

DROP TABLE IF EXISTS `matkul_dosen`;

CREATE TABLE `matkul_dosen` (
  `id` int(10) unsigned NOT NULL AUTO_INCREMENT,
  `matakuliah_id` int(10) unsigned NOT NULL DEFAULT '0',
  `dosen_id` int(10) unsigned NOT NULL DEFAULT '0',
  `sks` tinyint(10) DEFAULT '0',
  PRIMARY KEY (`id`),
  KEY `matakuliah_id` (`matakuliah_id`),
  KEY `dosen_id` (`dosen_id`)
) ENGINE=InnoDB AUTO_INCREMENT=66 DEFAULT CHARSET=latin1;

/*Data for the table `matkul_dosen` */

insert  into `matkul_dosen`(`id`,`matakuliah_id`,`dosen_id`,`sks`) values (1,1,1,4),(2,2,2,2),(3,3,3,2),(4,4,4,2),(5,5,5,2),(6,6,5,4),(7,7,6,4),(8,8,6,2),(9,9,6,2),(10,10,7,2),(11,11,8,4),(12,12,9,4),(13,13,10,2),(14,14,11,3),(15,15,12,2),(16,16,13,3),(17,17,14,2),(18,18,15,3),(19,19,16,3),(20,20,17,2),(21,21,18,3),(22,22,19,3),(23,23,20,2),(24,24,21,3),(25,25,22,2),(26,26,23,3),(27,27,24,3),(28,28,25,3),(29,29,26,2),(30,30,40,2),(31,31,41,2),(32,32,1,2),(33,33,2,3),(34,34,3,3),(35,35,4,2),(36,36,5,3),(37,37,6,4),(38,38,7,2),(39,39,8,2),(40,40,9,2),(41,41,10,3),(42,42,11,2),(43,43,12,3),(44,44,13,2),(45,45,14,2),(46,46,15,2),(47,47,16,2),(48,48,17,2),(49,49,18,3),(50,50,19,2),(51,51,20,2),(52,52,21,2),(53,53,22,2),(54,54,23,2),(55,55,24,2),(56,56,25,2),(57,57,26,2),(58,58,27,2),(59,59,28,2),(60,60,29,6),(61,61,30,2),(62,62,31,2),(63,63,32,2);

/*Table structure for table `pengumuman_info` */

DROP TABLE IF EXISTS `pengumuman_info`;

CREATE TABLE `pengumuman_info` (
  `id` int(10) unsigned NOT NULL AUTO_INCREMENT,
  `tgl_kegiatan` date NOT NULL,
  `jam` time NOT NULL,
  `judul` varchar(255) DEFAULT '',
  `deskripsi` text,
  `karyawan_id` int(10) unsigned NOT NULL DEFAULT '0',
  PRIMARY KEY (`id`),
  KEY `karyawan_id` (`karyawan_id`)
) ENGINE=InnoDB AUTO_INCREMENT=6 DEFAULT CHARSET=latin1;

/*Data for the table `pengumuman_info` */

insert  into `pengumuman_info`(`id`,`tgl_kegiatan`,`jam`,`judul`,`deskripsi`,`karyawan_id`) values (2,'2013-05-17','10:15:00','sayembara karya tulis ','sayembara nasional dalam bentuk karya tulis mengenai otonomi daerah yang dapat diikuti dosen dan mahasiswa S2, S3 seluruh wilayah Indonesia, pengumuman resmi dapat diunduh di menu download',2),(3,'2013-05-22','13:58:00','Pengumuman Lulus Calon Mahasiswa ','Pengumuman kelulusan calon mahasiswa Program Pascasarjana MTI dan MM tahun akademik 2012-2 dapat di unduh di menu download\r\n\r\nCalon mahasiswa yang dinyatakan lulus dapat membayarkan biaya tahap pertama melalui bank yang daftarnya dapat di unduh di menu download, paling lambat tanggal 28 Maret 2013.\r\n\r\nPrapasca MTI dilaksanaan tanggal 13 April 2013, jadwal dapat diunduh di menu jadwal.\r\n\r\nJadwal Prapasca MM  menyusul.',2),(4,'2013-05-27','17:11:00','Pengumuman Wisdua 46','Pendafataran wisuda dilaksanakan secara online melalu: dinus.ac.id/wisuda\r\nPengumpulan berkas dimulai pada tanggal 1 Maret 2013 sampai dengan tanggal 8 Maret 2013 jam kerja (07.00 s/d 16.00) di Biro Akademik (BIAK) gedung A.\r\nWisuda dilaksanakan pada hari Rabu 27 Maret 2013, tempat di Patra Semarang Convention Hotel\r\n\r\n',2),(5,'2013-05-03','19:11:00','rencana jadwal seminar proposal tesis kelas jabar 2 ','Rencana Seminar Proposal Tesis MTI kelas jabar 2 dilaksanakan mulai tgl 10 Januari 2013',2);

/*Table structure for table `penjadwalan` */

DROP TABLE IF EXISTS `penjadwalan`;

CREATE TABLE `penjadwalan` (
  `id` int(10) unsigned NOT NULL AUTO_INCREMENT,
  `ruang` varchar(255) NOT NULL DEFAULT '',
  `weekday_id` tinyint(10) unsigned NOT NULL DEFAULT '1',
  `jam_in` time DEFAULT '00:00:00',
  `jam_out` time DEFAULT '00:00:00',
  `kuota` int(10) NOT NULL DEFAULT '0',
  `keterangan` text,
  PRIMARY KEY (`id`),
  KEY `weekday_id` (`weekday_id`)
) ENGINE=InnoDB AUTO_INCREMENT=330 DEFAULT CHARSET=latin1;

/*Data for the table `penjadwalan` */

insert  into `penjadwalan`(`id`,`ruang`,`weekday_id`,`jam_in`,`jam_out`,`kuota`,`keterangan`) values (1,'A',1,'07:00:00','09:30:00',30,''),(2,'D.5.1',1,'14:10:00','16:20:00',30,''),(3,'D.5.1',3,'08:40:00','10:20:00',30,''),(4,'D.5.12',3,'18:30:00','20:10:00',30,''),(5,'D.4.9',2,'08:40:00','10:20:00',30,''),(6,'D.5.12',2,'18:30:00','20:10:00',30,''),(7,'D.4.13',2,'07:00:00','09:30:00',30,''),(8,'D.4.1',1,'15:30:00','18:00:00',30,''),(9,'D.4.12',5,'07:00:00','09:30:00',30,''),(10,'D.4.6',3,'10:20:00','12:00:00',30,''),(11,'D.5.17',5,'09:30:00','12:00:00',30,''),(12,'D.5.9',4,'12:30:00','14:10:00',30,''),(13,'D.4.3',2,'12:30:00','14:10:00',30,''),(14,'D.5.10',4,'08:40:00','10:20:00',30,''),(15,'D.5.14',4,'07:00:00','08:40:00',30,''),(16,'D.4.12',3,'07:00:00','08:40:00',30,''),(17,'D.5.18',1,'09:30:00','12:00:00',30,''),(18,'D.2.G',2,'10:20:00','12:00:00',30,''),(19,'',0,NULL,NULL,0,''),(20,'AULA',5,'08:40:00','10:20:00',30,''),(21,'',0,NULL,NULL,0,''),(22,'',0,NULL,NULL,0,''),(23,'AULA',4,'08:40:00','10:20:00',30,''),(24,'D.5.14',1,'14:10:00','16:20:00',30,''),(25,'D.5.13',3,'12:30:00','15:00:00',30,''),(26,'D.4.12',1,'08:40:00','10:20:00',30,''),(27,'D.5.4',3,'14:10:00','16:20:00',30,''),(28,'D.5.9',3,'10:20:00','12:00:00',30,''),(29,'D.5.4',3,'10:20:00','12:00:00',30,''),(328,'G.2.5',1,'17:00:00','19:00:00',30,NULL),(329,'G.2.5',2,'17:00:00','19:00:00',30,NULL);

/*Table structure for table `programstudi` */

DROP TABLE IF EXISTS `programstudi`;

CREATE TABLE `programstudi` (
  `kode` char(10) NOT NULL DEFAULT '',
  `fakultas_kode` char(10) NOT NULL,
  `nama` varchar(255) DEFAULT '',
  PRIMARY KEY (`kode`),
  KEY `id` (`kode`),
  KEY `fakultas_kode` (`fakultas_kode`)
) ENGINE=InnoDB DEFAULT CHARSET=latin1;

/*Data for the table `programstudi` */

insert  into `programstudi`(`kode`,`fakultas_kode`,`nama`) values ('FE-MA','FE','Ekonomi Masyarakat'),('FIK-SI','FIK','Sistem Informasi'),('FIK-TI','FIK','Teknik Informatika'),('FT-E','FT','Teknik Elektronika');

/*Table structure for table `status_pmb` */

DROP TABLE IF EXISTS `status_pmb`;

CREATE TABLE `status_pmb` (
  `id` int(10) unsigned NOT NULL AUTO_INCREMENT,
  `nama` varchar(255) DEFAULT '',
  PRIMARY KEY (`id`)
) ENGINE=InnoDB AUTO_INCREMENT=5 DEFAULT CHARSET=latin1;

/*Data for the table `status_pmb` */

insert  into `status_pmb`(`id`,`nama`) values (1,'registrasi'),(2,'calon'),(3,'lolos'),(4,'gagal');

/*Table structure for table `status_registrasi` */

DROP TABLE IF EXISTS `status_registrasi`;

CREATE TABLE `status_registrasi` (
  `id` int(10) unsigned NOT NULL AUTO_INCREMENT,
  `nama` varchar(255) DEFAULT '',
  PRIMARY KEY (`id`)
) ENGINE=InnoDB AUTO_INCREMENT=4 DEFAULT CHARSET=latin1;

/*Data for the table `status_registrasi` */

insert  into `status_registrasi`(`id`,`nama`) values (1,'registrasi'),(2,'konfirmasi'),(3,'banned');

/*Table structure for table `status_siswa` */

DROP TABLE IF EXISTS `status_siswa`;

CREATE TABLE `status_siswa` (
  `id` tinyint(10) unsigned NOT NULL AUTO_INCREMENT,
  `nama` varchar(255) DEFAULT '',
  PRIMARY KEY (`id`)
) ENGINE=InnoDB AUTO_INCREMENT=8 DEFAULT CHARSET=latin1;

/*Data for the table `status_siswa` */

insert  into `status_siswa`(`id`,`nama`) values (1,'Aktif'),(2,'Alumni'),(3,'DO'),(4,'Pemutihan'),(5,'Cuti'),(6,'Meninggal'),(7,'Non Aktif');

/*Table structure for table `web_lang` */

DROP TABLE IF EXISTS `web_lang`;

CREATE TABLE `web_lang` (
  `id` int(5) NOT NULL AUTO_INCREMENT,
  `code` varchar(150) DEFAULT NULL,
  `value` varchar(255) DEFAULT NULL,
  `lang` enum('id','en') DEFAULT 'id',
  `tipe` enum('view_file','menu') DEFAULT 'view_file',
  `view_filename` varchar(120) DEFAULT NULL,
  `last_update` timestamp NULL DEFAULT CURRENT_TIMESTAMP ON UPDATE CURRENT_TIMESTAMP,
  PRIMARY KEY (`id`)
) ENGINE=MyISAM AUTO_INCREMENT=25 DEFAULT CHARSET=latin1;

/*Data for the table `web_lang` */

insert  into `web_lang`(`id`,`code`,`value`,`lang`,`tipe`,`view_filename`,`last_update`) values (1,'lang_please_singin','Silakan Login','id','view_file','mahasiswa/form_login','2013-05-18 23:58:08'),(2,'lang_email_address','Alamat Email','id','view_file','mahasiswa/form_login','2013-05-18 23:58:10'),(3,'lang_password','Password','id','view_file','mahasiswa/form_login','2013-05-18 23:59:07'),(4,'lang_remember','Ingat Aku','id','view_file','mahasiswa/form_login','2013-05-18 23:59:07'),(5,'lang_login','Login','id','view_file','mahasiswa/form_login','2013-05-18 23:59:08'),(6,'lang_login_form','Login','id','menu',NULL,'2013-02-23 00:45:23'),(7,'lang_home','Home','id','menu',NULL,'2013-02-23 00:46:00'),(8,'lang_please_singin','Admin Login Form','id','view_file','admin/user/form_login','2013-03-15 22:57:36'),(9,'lang_email_address','username','id','view_file','admin/user/form_login','2013-03-15 22:57:39'),(10,'lang_password','password','id','view_file','admin/user/form_login','2013-03-15 22:57:39'),(11,'lang_remember','Ingat aku','id','view_file','admin/user/form_login','2013-03-15 23:07:38'),(12,'lang_login','Login','id','view_file','admin/user/form_login','2013-03-15 22:57:40'),(13,'lang_logout','Logout','id','menu',NULL,'2013-03-15 17:26:48'),(14,'lang_list_user','User Admin','id','menu',NULL,'2013-03-15 17:31:54'),(15,'lang_username','Nama User','id','view_file','admin/user/form_add_user','2013-03-15 22:57:53'),(16,'lang_karyawan','Nama Karyawan','id','view_file','admin/user/form_add_user','2013-03-15 22:57:54'),(17,'lang_role','Hak Kuasa','id','view_file','admin/user/form_add_user','2013-03-15 22:57:55'),(18,'lang_first_password','Password awal sama dengan nama user','id','view_file','admin/user/form_add_user','2013-03-15 22:57:55'),(19,'lang_submit','simpan','id','view_file','admin/user/form_add_user','2013-03-15 22:57:56'),(20,'lang_list_permission','Permission','id','menu',NULL,'2013-03-15 23:48:13'),(21,'lang_404','404 / Halaman Tidak Ditemukan','id','view_file','admin/page_not_found','2013-03-16 04:12:50'),(22,'lang_404_detail','Halaman/file yang Anda minta telah dipindahkan atau dihapus dari situs ini.','id','view_file','admin/page_not_found','2013-03-16 04:14:55'),(23,'lang_notification','Halaman privat, bukan untuk pengunjung umum','id','view_file','admin/user/form_login','2013-03-16 04:17:04'),(24,'lang_about_us','Tentang Kami','id','view_file',NULL,'2013-04-06 20:21:36');

/*Table structure for table `web_permission` */

DROP TABLE IF EXISTS `web_permission`;

CREATE TABLE `web_permission` (
  `id` int(4) NOT NULL AUTO_INCREMENT,
  `parent_model` int(10) DEFAULT '0',
  `model` varchar(150) DEFAULT NULL,
  `method` varchar(150) DEFAULT NULL,
  `permission` varchar(150) DEFAULT NULL,
  `title` varchar(150) DEFAULT NULL,
  `urutan` int(3) DEFAULT NULL,
  `is_visible` enum('Y','N') DEFAULT 'N',
  `is_active` enum('Y','N') DEFAULT 'Y',
  `last_update` timestamp NULL DEFAULT CURRENT_TIMESTAMP ON UPDATE CURRENT_TIMESTAMP,
  PRIMARY KEY (`id`)
) ENGINE=MyISAM AUTO_INCREMENT=66 DEFAULT CHARSET=latin1;

/*Data for the table `web_permission` */

insert  into `web_permission`(`id`,`parent_model`,`model`,`method`,`permission`,`title`,`urutan`,`is_visible`,`is_active`,`last_update`) values (2,0,'mahasiswa','login_form','no_login','Login',2,'Y','Y','2013-05-19 02:01:57'),(3,0,'common','homepage','umum',NULL,NULL,'N','Y','2013-05-05 14:09:39'),(4,0,'','home','umum','Home',1,'Y','Y','2013-05-05 14:09:39'),(5,0,'buku_tamu','form_buku_tamu','umum',NULL,NULL,'N','Y','2013-05-05 14:09:39'),(6,0,'buku_tamu','simpan_komentar','umum',NULL,NULL,'N','Y','2013-05-05 14:09:39'),(7,0,'user','login_form','no_admin',NULL,NULL,'N','Y','2013-05-05 14:09:39'),(8,0,'user','cek_login','no_admin',NULL,NULL,'N','Y','2013-05-05 14:09:39'),(9,0,'admin_common','homepage','admin',NULL,NULL,'N','Y','2013-05-05 14:09:39'),(10,0,'user','logout','admin',NULL,NULL,'N','Y','2013-05-05 14:09:39'),(11,24,'user','list_user','master_admin','Admin User',NULL,'Y','Y','2013-05-05 12:55:39'),(12,0,'user','form_add_user','master_admin',NULL,NULL,'N','Y','2013-05-05 14:09:39'),(13,0,'user','add_user','master_admin',NULL,NULL,'N','Y','2013-05-05 14:09:39'),(14,0,'user','form_edit_user','master_admin',NULL,NULL,'N','Y','2013-05-05 14:09:39'),(15,0,'user','edit_user','master_admin',NULL,NULL,'N','Y','2013-05-05 14:09:39'),(16,0,'user','logout','master_admin',NULL,NULL,'N','Y','2013-05-05 14:09:39'),(17,0,'zdev_permission','list_permission','web_dev','Permission',NULL,'Y','Y','2013-05-05 14:09:39'),(18,0,'user','logout','web_dev',NULL,NULL,'N','Y','2013-05-05 14:09:39'),(19,0,'common','about_us','umum','About Us',3,'Y','Y','2013-05-05 14:09:39'),(20,0,'admin_jadwal','admin_jadwal','master_admin','JADWAL',8,'Y','Y','2013-06-09 23:38:57'),(21,0,'admin_buku_tamu','list_buku_tamu','master_admin',NULL,3,'N','Y','2013-05-19 01:48:57'),(22,0,'zdev_permission','form_edit_permission','web_dev',NULL,NULL,'N','Y','2013-05-05 14:09:39'),(23,0,'zdev_permission','form_add_permission','web_dev',NULL,NULL,'N','Y','2013-05-05 14:09:39'),(24,0,NULL,NULL,'master_admin','Human Res',2,'Y','Y','2013-05-19 01:48:32'),(25,24,'admin_karyawan','list_karyawan','master_admin','Admin Karyawan',NULL,'Y','Y','2013-05-05 15:43:51'),(29,0,'pendaftaran','info_pendaftaran','no_login','Pendaftaran',5,'Y','Y','2013-05-19 02:01:42'),(28,0,'common','contact_us','umum','Contact Us',4,'Y','Y','2013-05-07 18:49:49'),(30,0,'pendaftaran','form_pendaftaran','umum',NULL,NULL,'N','Y','2013-05-18 14:01:50'),(31,0,'common','get_listkota','umum',NULL,NULL,'N','Y','2013-05-18 16:38:46'),(32,0,'admin_buku_tamu','list_buku_tamu','master_admin','Buku Tamu',6,'Y','Y','2013-05-18 20:47:34'),(33,0,'pendaftaran','form_registrasi','umum',NULL,NULL,'N','Y','2013-05-18 21:09:52'),(34,0,'pendaftaran','simpan_registrasi','umum',NULL,NULL,'N','Y','2013-05-18 21:26:37'),(35,0,'pendaftaran','pesan_registrasi','umum',NULL,NULL,'N','Y','2013-05-18 21:26:49'),(36,0,NULL,NULL,'master_admin','Akademisi',1,'Y','Y','2013-05-19 01:48:30'),(37,36,'admin_kalendar_akademik','list_kalendar_akademik','master_admin','Kalendar Akademik',NULL,'Y','Y','2013-05-19 01:47:49'),(38,0,'mahasiswa','cek_login','umum',NULL,NULL,'N','Y','2013-05-19 01:49:25'),(39,0,NULL,NULL,'calon_mahasiswa','Main Menu',NULL,'N','Y','2013-05-19 02:52:38'),(40,0,'pendaftaran','d_dashboard','calon_mahasiswa','Data',7,'Y','Y','2013-05-24 04:58:18'),(41,0,'mahasiswa','logout','calon_mahasiswa','Logout',11,'Y','Y','2013-05-19 02:13:51'),(42,24,'admin_dosen','list_dosen','master_admin','Admin Dosen',3,'Y','Y','2013-05-19 02:58:04'),(43,36,'admin_fakultas','list_fakultas','master_admin','Admin Fakultas',3,'Y','Y','2013-05-20 01:51:15'),(44,36,'admin_prodi','list_prodi','master_admin','Admin Program Studi',4,'Y','Y','2013-05-20 01:51:16'),(45,36,'admin_makul','list_makul','master_admin','Admin Mata Kuliah',5,'Y','Y','2013-05-20 01:51:17'),(46,36,'admin_ruang','list_ruang','master_admin','Admin Ruang',6,'Y','Y','2013-05-20 01:51:18'),(49,36,'admin_kalendar_informasi','list_kalendar_informasi','master_admin','Kalendar Informasi',2,'Y','Y','2013-05-20 06:20:42'),(50,36,'admin_pengumuman_info','list_pengumuman_info','master_admin','Pengumuman Info',7,'Y','Y','2013-05-23 07:37:58'),(51,0,NULL,NULL,'master_admin','Pendaftaran',3,'Y','Y','2013-05-24 06:00:51'),(52,53,'admin_pendaftaran','request_konfirmasi_pembayaran','master_admin','Request Konfirmasi Pembayaran',1,'Y','Y','2013-05-24 06:28:46'),(53,51,NULL,NULL,'master_admin','Konfirmasi Pembayaran',1,'Y','Y','2013-05-24 06:28:48'),(54,53,'admin_pendaftaran','konfirmasi_pembayaran_accepted','master_admin','Konfirmasi Accepted',2,'Y','Y','2013-05-24 06:30:29'),(55,53,'admin_pendaftaran','konfirmasi_pembayaran_rejected','master_admin','Konfirmasi Rejected',3,'Y','Y','2013-05-24 06:30:41'),(56,0,NULL,NULL,'master_admin','KHS',7,'Y','Y','2013-05-24 11:19:53'),(57,56,'admin_khs','list_khs','master_admin','Tambah Nilai',NULL,'Y','Y','2013-05-24 11:21:20'),(58,56,'admin_khs','look_khs','master_admin','Lihat Nilai',2,'Y','Y','2013-05-24 11:22:01'),(59,51,NULL,NULL,'master_admin','Calon Mahasiswa',2,'N','Y','2013-05-25 10:56:47'),(60,51,'admin_pendaftaran','calon_mahasiswa','master_admin','Calon Mahasiswa',2,'Y','Y','2013-05-25 10:58:22'),(61,51,'admin_pendaftaran','form_input_ujiandaftar','master_admin','Input Hasil Ujian',3,'Y','Y','2013-05-25 11:21:26'),(62,0,'admin_jadwal','isi_krs','admin_penjadwalan','ISI KRS',NULL,'N','N','2013-06-03 16:30:08'),(63,51,'admin_pendaftaran','form_daftar_ulang','master_admin','Input Daftar Ulang',4,'Y','Y','2013-05-31 00:16:38'),(64,0,'mhs_jadwal','isi_krs','admin_penjadwalan','ISI KRS',NULL,'Y','Y','2013-06-03 16:26:42'),(65,20,'admin_jadwal','print_krs','master_admin','VIEW KRS',8,'Y','Y','2013-06-09 23:45:18');

/*Table structure for table `web_permission_copy` */

DROP TABLE IF EXISTS `web_permission_copy`;

CREATE TABLE `web_permission_copy` (
  `id` int(4) NOT NULL AUTO_INCREMENT,
  `parent_model` int(10) DEFAULT '0',
  `model` varchar(150) DEFAULT NULL,
  `method` varchar(150) DEFAULT NULL,
  `permission` varchar(150) DEFAULT NULL,
  `title` varchar(150) DEFAULT NULL,
  `urutan` int(3) DEFAULT NULL,
  `is_visible` enum('Y','N') DEFAULT 'N',
  `is_active` enum('Y','N') DEFAULT 'Y',
  `last_update` timestamp NOT NULL DEFAULT CURRENT_TIMESTAMP ON UPDATE CURRENT_TIMESTAMP,
  PRIMARY KEY (`id`)
) ENGINE=MyISAM AUTO_INCREMENT=60 DEFAULT CHARSET=latin1;

/*Data for the table `web_permission_copy` */

insert  into `web_permission_copy`(`id`,`parent_model`,`model`,`method`,`permission`,`title`,`urutan`,`is_visible`,`is_active`,`last_update`) values (2,0,'mahasiswa','login_form','no_login','Login',2,'Y','Y','2013-05-19 02:01:57'),(3,0,'common','homepage','umum',NULL,NULL,'N','Y','2013-05-05 14:09:39'),(4,0,'','home','umum','Home',1,'Y','Y','2013-05-05 14:09:39'),(5,0,'buku_tamu','form_buku_tamu','umum',NULL,NULL,'N','Y','2013-05-05 14:09:39'),(6,0,'buku_tamu','simpan_komentar','umum',NULL,NULL,'N','Y','2013-05-05 14:09:39'),(7,0,'user','login_form','no_admin',NULL,NULL,'N','Y','2013-05-05 14:09:39'),(8,0,'user','cek_login','no_admin',NULL,NULL,'N','Y','2013-05-05 14:09:39'),(9,0,'admin_common','homepage','admin',NULL,NULL,'N','Y','2013-05-05 14:09:39'),(10,0,'user','logout','admin',NULL,NULL,'N','Y','2013-05-05 14:09:39'),(11,24,'user','list_user','master_admin','Admin User',NULL,'Y','Y','2013-05-05 12:55:39'),(12,0,'user','form_add_user','master_admin',NULL,NULL,'N','Y','2013-05-05 14:09:39'),(13,0,'user','add_user','master_admin',NULL,NULL,'N','Y','2013-05-05 14:09:39'),(14,0,'user','form_edit_user','master_admin',NULL,NULL,'N','Y','2013-05-05 14:09:39'),(15,0,'user','edit_user','master_admin',NULL,NULL,'N','Y','2013-05-05 14:09:39'),(16,0,'user','logout','master_admin',NULL,NULL,'N','Y','2013-05-05 14:09:39'),(17,0,'zdev_permission','list_permission','web_dev','Permission',NULL,'Y','Y','2013-05-05 14:09:39'),(18,0,'user','logout','web_dev',NULL,NULL,'N','Y','2013-05-05 14:09:39'),(19,0,'common','about_us','umum','About Us',3,'Y','Y','2013-05-05 14:09:39'),(20,0,NULL,NULL,'admin_penjadwalan',NULL,1,'N','Y','2013-05-05 14:09:39'),(21,0,'admin_buku_tamu','list_buku_tamu','master_admin',NULL,3,'N','Y','2013-05-19 01:48:57'),(22,0,'zdev_permission','form_edit_permission','web_dev',NULL,NULL,'N','Y','2013-05-05 14:09:39'),(23,0,'zdev_permission','form_add_permission','web_dev',NULL,NULL,'N','Y','2013-05-05 14:09:39'),(24,0,NULL,NULL,'master_admin','Human Res',2,'Y','Y','2013-05-19 01:48:32'),(25,24,'admin_karyawan','list_karyawan','master_admin','Admin Karyawan',NULL,'Y','Y','2013-05-05 15:43:51'),(29,0,'pendaftaran','info_pendaftaran','no_login','Pendaftaran',5,'Y','Y','2013-05-19 02:01:42'),(28,0,'common','contact_us','umum','Contact Us',4,'Y','Y','2013-05-07 18:49:49'),(30,0,'pendaftaran','form_pendaftaran','umum',NULL,NULL,'N','Y','2013-05-18 14:01:50'),(31,0,'common','get_listkota','umum',NULL,NULL,'N','Y','2013-05-18 16:38:46'),(32,0,'admin_buku_tamu','list_buku_tamu','master_admin','Buku Tamu',6,'Y','Y','2013-05-18 20:47:34'),(33,0,'pendaftaran','form_registrasi','umum',NULL,NULL,'N','Y','2013-05-18 21:09:52'),(34,0,'pendaftaran','simpan_registrasi','umum',NULL,NULL,'N','Y','2013-05-18 21:26:37'),(35,0,'pendaftaran','pesan_registrasi','umum',NULL,NULL,'N','Y','2013-05-18 21:26:49'),(36,0,NULL,NULL,'master_admin','Akademisi',1,'Y','Y','2013-05-19 01:48:30'),(37,36,'admin_kalendar_akademik','list_kalendar_akademik','master_admin','Kalendar Akademik',NULL,'Y','Y','2013-05-19 01:47:49'),(38,0,'mahasiswa','cek_login','umum',NULL,NULL,'N','Y','2013-05-19 01:49:25'),(39,0,NULL,NULL,'calon_mahasiswa','Main Menu',NULL,'N','Y','2013-05-19 02:52:38'),(40,0,'pendaftaran','form_pendaftaran','calon_mahasiswa','Update Data',7,'Y','Y','2013-05-19 02:52:40'),(41,0,'mahasiswa','logout','calon_mahasiswa','Logout',11,'Y','Y','2013-05-19 02:13:51'),(42,24,'admin_dosen','list_dosen','master_admin','Admin Dosen',3,'Y','Y','2013-05-19 02:58:04'),(43,36,'admin_fakultas','list_fakultas','master_admin','Admin Fakultas',3,'Y','Y','2013-05-20 01:51:15'),(44,36,'admin_prodi','list_prodi','master_admin','Admin Program Studi',4,'Y','Y','2013-05-20 01:51:16'),(45,36,'admin_makul','list_makul','master_admin','Admin Mata Kuliah',5,'Y','Y','2013-05-20 01:51:17'),(46,36,'admin_ruang','list_ruang','master_admin','Admin Ruang',6,'Y','Y','2013-05-20 01:51:18'),(49,36,'admin_kalendar_informasi','list_kalendar_informasi','master_admin','Kalendar Informasi',2,'Y','Y','2013-05-20 06:20:42'),(50,54,'admin_jadwal','home1','admin_penjadwalan','Halaman Utama',3,'Y','Y','2013-05-27 15:52:37'),(51,54,'admin_jadwal','dashboard_krs','admin_penjadwalan','Dashboard KRS',3,'Y','Y','2013-05-27 15:52:35'),(52,54,'admin_jadwal','isi_krs','admin_penjadwalan','Isi KRS',3,'Y','Y','2013-05-27 15:52:34'),(53,54,'admin_jadwal','Jadwal','admin_penjadwalan','Jadwal',3,'Y','Y','2013-05-27 15:52:33'),(54,0,'admin_jadwal','','admin_penjadwalan','MAHASISWA',3,'Y','Y','2013-05-27 15:55:36'),(55,54,'admin_jadwal','dashboard','admin_penjadwalan','Dashboard',3,'Y','Y','2013-05-27 15:52:33'),(56,0,'admin_jadwal','','admin_penjadwalan','ADMIN_JADWAL',NULL,'Y','Y','2013-05-27 15:56:11'),(57,0,NULL,NULL,'master_admin','KHS',12,'Y','Y','2013-05-28 18:59:12'),(58,57,'admin_khs','list_khs','master_admin','Tambah Nilai',1,'Y','Y','2013-05-28 18:59:16'),(59,57,'admin_khs','look_khs','master_admin','Lihat Nilai',2,'Y','Y','2013-05-28 18:59:48');

/*Table structure for table `web_role` */

DROP TABLE IF EXISTS `web_role`;

CREATE TABLE `web_role` (
  `id` int(11) NOT NULL AUTO_INCREMENT,
  `role` varchar(255) DEFAULT NULL,
  PRIMARY KEY (`id`)
) ENGINE=InnoDB AUTO_INCREMENT=5 DEFAULT CHARSET=latin1;

/*Data for the table `web_role` */

insert  into `web_role`(`id`,`role`) values (1,'master_admin'),(2,'web_dev'),(3,'admin_penjadwalan'),(4,'mhs_jadwal');

/*Table structure for table `web_user` */

DROP TABLE IF EXISTS `web_user`;

CREATE TABLE `web_user` (
  `id` int(11) NOT NULL AUTO_INCREMENT,
  `id_karyawan` int(11) DEFAULT NULL,
  `username` varchar(255) DEFAULT NULL,
  `password` varchar(255) DEFAULT NULL,
  `id_role` int(11) DEFAULT NULL,
  PRIMARY KEY (`id`)
) ENGINE=InnoDB AUTO_INCREMENT=9 DEFAULT CHARSET=latin1;

/*Data for the table `web_user` */

insert  into `web_user`(`id`,`id_karyawan`,`username`,`password`,`id_role`) values (1,1,'timen','098f6bcd4621d373cade4e832627b4f6',2),(2,1,'admin','21232f297a57a5a743894a0e4a801fc3',1),(3,1,'web_adm','37d6de50bf6e2f27cd712718b372a8f4',2),(4,NULL,'pmb',NULL,NULL),(6,2,'abdam_jadwal','92d7b3662439481b56c9ad2ad05f75a6',3),(7,2,'mhs_jadwal',NULL,4);

/*Table structure for table `weekday` */

DROP TABLE IF EXISTS `weekday`;

CREATE TABLE `weekday` (
  `id` tinyint(10) unsigned NOT NULL AUTO_INCREMENT,
  `nama` varchar(255) DEFAULT '',
  PRIMARY KEY (`id`)
) ENGINE=InnoDB AUTO_INCREMENT=8 DEFAULT CHARSET=latin1;

/*Data for the table `weekday` */

insert  into `weekday`(`id`,`nama`) values (1,'Senin'),(2,'Selasa'),(3,'Rabu'),(4,'Kamis'),(5,'Jumat'),(6,'Sabtu'),(7,'Minggu');

/*Table structure for table `xxxjenis_kelamin` */

DROP TABLE IF EXISTS `xxxjenis_kelamin`;

CREATE TABLE `xxxjenis_kelamin` (
  `id` tinyint(10) unsigned NOT NULL AUTO_INCREMENT,
  `nama` varchar(255) DEFAULT '',
  PRIMARY KEY (`id`)
) ENGINE=InnoDB AUTO_INCREMENT=3 DEFAULT CHARSET=latin1;

/*Data for the table `xxxjenis_kelamin` */

insert  into `xxxjenis_kelamin`(`id`,`nama`) values (1,'Laki laki'),(2,'Perempuan');

/*Table structure for table `xxxpilih_jenis_pendaftaran` */

DROP TABLE IF EXISTS `xxxpilih_jenis_pendaftaran`;

CREATE TABLE `xxxpilih_jenis_pendaftaran` (
  `id` int(10) unsigned NOT NULL AUTO_INCREMENT,
  `jenis_pendaftaran_id` int(10) unsigned NOT NULL DEFAULT '0',
  `asal_sekolah` varchar(255) DEFAULT '',
  `asal_universitas` varchar(255) DEFAULT '',
  `transkip_nilai` decimal(18,2) NOT NULL DEFAULT '0.00',
  `skhu` decimal(18,2) NOT NULL DEFAULT '0.00',
  PRIMARY KEY (`id`),
  KEY `jenis_pendaftaran_id` (`jenis_pendaftaran_id`)
) ENGINE=InnoDB DEFAULT CHARSET=latin1;

/*Data for the table `xxxpilih_jenis_pendaftaran` */

/*!40101 SET SQL_MODE=@OLD_SQL_MODE */;
/*!40014 SET FOREIGN_KEY_CHECKS=@OLD_FOREIGN_KEY_CHECKS */;
/*!40014 SET UNIQUE_CHECKS=@OLD_UNIQUE_CHECKS */;
/*!40111 SET SQL_NOTES=@OLD_SQL_NOTES */;
